geometry,addr:postcode,amenity,healthcare,healthcare:speciality,name,name:en,name:etymology:wikidata,name:ta,operator,wikidata,wikipedia,addr:district,addr:full,addr:state,operator:type,source,website,addr:subdistrict,email,operator:wikidata,operator:wikipedia,addr:block,addr:city,check_date,wikimedia_commons,addr:street,phone,wheelchair,opening_hours,addr:housenumber,designation,addr:interpolation,emergency,addr:housename,addr:neighbourhood,addr:suburb,note,is_in,description,internet_access,contact:phone,payment:cash,payment:credit_cards,payment:debit_cards,alt_name,start_date,whatsapp,speciality,image,mobile,payment:google_pay,payment:insurance,contact:mobile,name:hi,name:ml,building,official_name,operator:short,landuse,short_name,name:tn,fax,building:levels,comment,contact:email,type
POINT (80.2052158 13.0386493),600078,hospital,hospital,fertility;infertility;ivf_treatment,Kalaignar Karunanidhi Nagar,KK Nagar,Q470875,கலைஞர் கருணாநிதி நகர்,Hospital,Q6323457,"en:K. K. Nagar, Chennai",,,,,,,,,,,,,,,,,,,,,,,,,,,,,,,,,,,,,,,,,,,,,,,,,,,,,,,
POINT (80.2960584 13.122775),,hospital,hospital,,Kasimedu,,,காசிமேடு,,,,,,,,,,,,,,,,,,,,,,,,,,,,,,,,,,,,,,,,,,,,,,,,,,,,,,,,,,
POINT (80.2792912 13.0922007),600079,hospital,hospital,,Amrit Hospital,Amrit Hospital,,,,,,Chennai,"New No.310, Mint Street, Sowcarpet",Tamil Nadu,private,OpenGovernmentData,http://www.amrithospital.com/,,,,,,,,,,,,,,,,,,,,,,,,,,,,,,,,,,,,,,,,,,,,,,,,,
POINT (80.2796178 13.0985007),,hospital,hospital,,Vikram Hospital,Apollo Hospital,,,,,,,,,,,,,,,,,,,,,,,,,,,,,,,,,,,,,,,,,,,,,,,,,,,,,,,,,,,,
POINT (80.2160862 13.08438),600040,hospital,hospital,,City Tower Hospitals,,,,,,,Chennai,"Old No AA-10, New No AA - 85, 2ND-Avenue, Near Roundtana Bus Stop",Tamil Nadu,private,OpenGovernmentData,http://www.citytowerhospitals.net/contact.asp,Anna Nagar,info@citytowerhospitals.com,,,,,,,,,,,,,,,,,,,,,,,,,,,,,,,,,,,,,,,,,,,,,,,
POINT (80.2905623 13.1289367),600081,hospital,hospital,,"Apollo Hospitals, Tondiarpet",,,,Apollo Hospitals,,,Chennai,"No.645, TH Road, Tondiarpet",Tamil Nadu,private,OpenGovernmentData,https://www.apollohospitals.com/,,enquiry@apollohospitals.com,Q4780321,en:Apollo Hospitals,,,,,,,,,,,,,,,,,,,,,,,,,,,,,,,,,,,,,,,,,,,,,
POINT (80.2130723 13.0844424),600040,hospital,hospital,,K.H.M.Hospital,,,,,,,Chennai,"AB-14/4907, Balasubramanian Building, Opposite Sri Ayyappa Temple, 6th Main Road",Tamil Nadu,private,OpenGovernmentData,https://khmhospital.com/,Anna Nagar,khmhospital@gmail.com,,,,,,,,,,,,,,,,,,,,,,,,,,,,,,,,,,,,,,,,,,,,,,,
POINT (80.2069819 13.08217),600040,hospital,hospital,,Sundaram Medical Foundation,,,,,,,Chennai,"9-C, Shanthi Colony Iv Avenue, Anna Nagar",Tamil Nadu,,OpenGovernmentData,,,,,,,,,,,,,,,,,,,,,,,,,,,,,,,,,,,,,,,,,,,,,,,,,,
POINT (80.1994692 13.0887983),600040,hospital,hospital,,Sri Devi Speciality Hospial,,,,,,,Chennai,"New No.4, Old No.1620-A, 16Th Main Road, Anna Nagar",Tamil Nadu,,OpenGovernmentData,,,,,,,,,,,,,,,,,,,,,,,,,,,,,,,,,,,,,,,,,,,,,,,,,,
POINT (80.2572467 13.0336624),,hospital,hospital,,Corporation Hospital,,,,,,,,,,,,,,,,,,,,,,,,,,,,,,,,,,,,,,,,,,,,,,,,,,,,,,,,,,,,,
POINT (80.1846471 12.9787682),603209,hospital,hospital,,"Hindu Mission Health Services, Kanchipuram",,,,,,,Kanchipuram,"Near By Ranga Theatre, Chennai, 100 Feet Road, Hinducolony, Nanagnanllur",Tamil Nadu,,OpenGovernmentData,,,,,,Tambaram Mpty,Chennai,,,,,,,,,,,,,,,,,,,,,,,,,,,,,,,,,,,,,,,,,,,
POINT (80.281264 13.0829605),,hospital,hospital,,Goverment dental hospital & collage,,,அரசு பல் மருத்துவமனை மற்றும் கல்லூரி,,Q5588794,"en:Government Dental Hospital and College, Chennai",,,,,,,,,,,,,,"Category:Government Dental Hospital and College, Chennai",,,,,,,,,,,,,,,,,,,,,,,,,,,,,,,,,,,,,,,,,
POINT (80.2433369 13.0785984),,hospital,hospital,,Kilpauk Medical College,,,கீழ்ப்பாக்கம் மருத்துவமனை மற்றும் கல்லூரி,,Q12977046,en:Kilpauk Medical College,,,,,,,,,,,,,,Category:Kilpauk Medical College,,,,,,,,,,,,,,,,,,,,,,,,,,,,,,,,,,,,,,,,,
POINT (80.1905906 12.9847145),600061,hospital,hospital,,Hariharan Hospital,,,,,,,Chennai,"24 and 26, 'Swathi', 29 Th Street",Tamil Nadu,private,OpenGovernmentData,http://hariharanhospitals.com/,Nanganallur,info@hariharanhospitals.com,,,,,,,,,,,,,,,,,,,,,,,,,,,,,,,,,,,,,,,,,,,,,,,
POINT (80.1904116 12.9887616),,hospital,hospital,,BM Hospital,,,,,,,,,,,,https://bmhospitals.com/,,,,,,,,,5th Main Road,044-22670277,limited,,,,,,,,,,,,,,,,,,,,,,,,,,,,,,,,,,,,,,
POINT (80.1841397 12.973463),600061,hospital,hospital,,K.F. Hospital,,,,,,,Kanchipuram,"5, Sarwamangala Nagar, Nanganallur",Tamil Nadu,,OpenGovernmentData,,,,,,,,,,,,,,,,,,,,,,,,,,,,,,,,,,,,,,,,,,,,,,,,,,
POINT (80.239884 13.0061338),,hospital,hospital,,Cancer Institute,,,,,,,,,,,,,,,,,,,,,,,,,,,,,,,,,,,,,,,,,,,,,,,,,,,,,,,,,,,,,
POINT (80.2589871 13.0720996),,hospital,hospital,,Govt Maternity Hospital,,,,,,,,,,,,,,,,,,,,,,,,,,,,,,,,,,,,,,,,,,,,,,,,,,,,,,,,,,,,,
POINT (80.257025 13.0735496),,hospital,hospital,,Institute of Child Health,,,,,,,,,,,,,,,,,,,,,,,,,,,,,,,,,,,,,,,,,,,,,,,,,,,,,,,,,,,,,
POINT (80.2591463 13.0735431),,hospital,hospital,,Institute of Obstetrics and Gynaecology dd,,,,,,,,,,,,,,,,,,,,,,,,,,,,,,,,,,,,,,,,,,,,,,,,,,,,,,,,,,,,,
POINT (80.1858412 13.0211808),600089,hospital,hospital,,MIOT International,,,,,,,Chennai,"Manapakkam, 4/112, Mount Poonamalle Road",Tamil Nadu,private,OpenGovernmentData,https://www.miotinternational.com/,,enq@miothospitals.com,,,,,,,"4/112, Mount Poonamalle High Rd, Sathya Nagar, Manapakkam, Chennai, Tamil Nadu 600089",044 4200 2288,,24/7,,,,,,,,,,,,,,,,,,,,,,,,,,,,,,,,,,,,,
POINT (80.2440921 13.0293624),600035,hospital,hospital,,Venkataeswara Hospitals,,,,,,,Chennai,"121-A(New No-36A), Chamiers Road, Nandanam",Tamil Nadu,,OpenGovernmentData,,,,,,,,,,,,,,,,,,,,,,,,,,,,,,,,,,,,,,,,,,,,,,,,,,
POINT (80.2067733 12.9653846),,hospital,hospital,,Sarswathi Hospital,,,,,,,,,,,,,,,,,,,,,,,yes,,,,,,,,,,,,,,,,,,,,,,,,,,,,,,,,,,,,,,
POINT (80.2041657 13.05244),,hospital,hospital,,Apollo Clinic & Pharmacy,,,,,,,,,,,,,,,,,,,,,,,,,,,,,,,,,,,,,,,,,,,,,,,,,,,,,,,,,,,,,
POINT (80.2070144 13.0483819),,hospital,hospital,,Vijaya Heart Centre,,,,,,,,,,,,,,,,,,,,,,,,,,,,,,,,,,,,,,,,,,,,,,,,,,,,,,,,,,,,,
POINT (80.1499411 13.1181104),600053,hospital,,,B.M.Orthopaedic Hospital,,,,,,,Tiruvallur,"# 3/157, M.T.H.Road, ,Ambattur",Tamil Nadu,,OpenGovernmentData,,,,,,,,,,,,,,,,,,,,,,,,,,,,,,,,,,,,,,,,,,,,,,,,,,
POINT (80.211027 13.0495316),600026,hospital,hospital,multi speciality,"Vasan Eye Care Hospital, Vadapalani",,,,,,,Chennai,"D No 154/2, Aroot Road, Vadapalani",Tamil Nadu,,OpenGovernmentData,,,,,,,,,,,,,,,,,,,,,,,,,,,,,,,,,,,,,,,,,,,,,,,,,,
POINT (80.1942138 13.0571293),,hospital,hospital,,JJ Hospital,,,,,,,,,,,,,,,,,,,,,,,,,,,,,,,,,,,,,,,,,,,,,,,,,,,,,,,,,,,,,
POINT (80.2151198 13.0750445),,hospital,hospital,,Appasamy Hospital,,,,Appasamy Hospital,,,,,,,,,,,,,,,,,,,,,,,,,,,,,,,,,,,,,,,,,,,,,,,,,,,,,,,,,
POINT (80.2148826 13.073239),,hospital,hospital,,Appasamy Hospital,,,,,,,,,,,,,,,,,,,,,,,,,,,,,,,,,,,,,,,,,,,,,,,,,,,,,,,,,,,,,
POINT (80.2178866 13.0892073),,hospital,hospital,,Appolo Clinic,,,அப்பல்லோ மருத்துவமனை,,,,,,,,,,,,,,,,,,,,,,,,,,,,,,,,,,,,,,,,,,,,,,,,,,,,,,,,,,
POINT (80.1810857 13.0331325),600089,hospital,hospital,,Srm Speciality Hospital,,,,,,,Tiruvallur,"50 Bharathi Street, Ramapuram",Tamil Nadu,,OpenGovernmentData,,,,,,,,,,,,,,,,,,,,,,,,,,,,,,,,,,,,,,,,,,,,,,,,,,
POINT (80.1801201 13.0321291),,hospital,hospital,,SRM Dental Hospital,,,,,,,,,,,,,,,,,,,,,,,,,,,,,,,,,,,,,,,,,,,,,,,,,,,,,,,,,,,,,
POINT (80.2118365 13.0554597),600026,hospital,hospital,,Aakash Fertility Centre & Hospital,,,,,,,Chennai,"No:10, 100 Feet Road, Opp. Hotel Ambika Empire, Vadapalani",Tamil Nadu,,OpenGovernmentData,,,,,,Chennai Zone X,,,,,,,,,,,,,,,,,,,,,,,,,,,,,,,,,,,,,,,,,,,,
POINT (80.2434416 13.0508335),600017,hospital,hospital,ophthalmology,Rajan Eye Care Hospital,,,,,,,Chennai,"5,Vidyodaya East Second Street, Behind Vidyodaya School",Tamil Nadu,,OpenGovernmentData,https://rajaneyecare.com/,,rajaneye@vsnl.com,,,,Chennai,,,Vidyodaya 2nd Cross Street,2834 0500/0300,,,5,,,,,,,,,,,,,,,,,,,,,,,,,,,,,,,,,,,,
POINT (80.211745 13.0583046),,hospital,,,sree dhanalakshmi family clinic,,,,,,,,,,,,,,,,,,,,,,,,,,sree dhanalakshmi family clinic,,,,,,,,,,,,,,,,,,,,,,,,,,,,,,,,,,,
POINT (80.2474724 12.9663879),600096,hospital,,,Bhadra Homeo,,,,,,,,,,,,,,,,,,CHENNAI,,,PERUNGUDI,,,,,,KANDANCHAVADI,,,,,,,,,,,,,,,,,,,,,,,,,,,,,,,,,,
POINT (80.2305209 13.0626045),600094,hospital,hospital,,Amma Hospital,,,,,,,,,,,,,,,,,,Chennai,,,"7th street, Choolaimedu high road",,,,1,,,yes,,,,,,,,,,,,,,,,,,,,,,,,,,,,,,,,,
POINT (80.2405731 13.0787952),600010,hospital,hospital,,Right Hospitals,,,,,,,Chennai,"1, Prof. Subramaniam Street (Behind Ega Theatre) , Kllpauk",Tamil Nadu,,OpenGovernmentData,,,,,,,,,,,,,,,,,yes,,,,,,,,,,,,,,,,,,,,,,,,,,,,,,,,,
POINT (80.2552541 13.0015307),,hospital,hospital,,Vasan Eye Care Hospital,,,,,,,,,,,survey,,,,,,,,,,,,,,,Hospital,,no,,,,,,,,,,,,,,,,,,,,,,,,,,,,,,,,,
POINT (80.2011738 13.0584072),,hospital,,,,,,,,,,,,,,,,,,,,,,,,,,,,,,,,,,,,,,,,,,,,,,,,,,,,,,,,,,,,,,,,
POINT (80.1572422 13.1187083),600053,hospital,,,Ashwini Eye Care,,,,,,,Tiruvallur,"No.G4, Srivatsa Apartments, Plot No:196, Old Mth Road,Ambattur, Chennai",Tamil Nadu,,OpenGovernmentData,,,,,,,,,,,,,,,,,no,,,,,,,,,,,,,,,,,,,,,,,,,,,,,,,,,
POINT (80.2044922 12.9799192),,hospital,hospital,,Prime Care Nursing Home,,,,,,,,,,,,,,,,,,,,,"44, Shakti Nagar Main Road, Adambakkam, Balaji Nagar, Adambakkam, Chennai, Tamil Nadu 600088",,,,,,,,,,,,,,,,,,,,,,,,,,,,,,,,,,,,,,,,
POINT (80.2050055 13.0677233),,hospital,,,Apollo Free Emergency Clinic,,,,,,,,,,,,,,,,,,,,,,,,,,,,,,,,,,,,,,,,,,,,,,,,,,,,,,,,,,,,,
POINT (80.2165845 13.0385656),,hospital,hospital,,Agarwal Hospital,,,,,,,,,,,local knowledge,,,,,,,,,,,,,,,Opthalmologist,,,,,,,,,,,,,,,,,,,,,,,,,,,,,,,,,,,
POINT (80.2004752 13.0849671),,hospital,hospital,,Senthil Nursing Home,,,,,,,,,,,,,,,,,,,,,,,,,,,,,,,,,,,,,,,,,,,,,,,,,,,,,,,,,,,,,
POINT (80.1991661 13.0868667),600040,hospital,hospital,,I K Hospital,,,,,,,Chennai,"2/1911, J-Block, 15 Th Main Road, Anna Nagar",Tamil Nadu,,OpenGovernmentData,,,,,,,,,,,,,,,,,,,,,,,,,,,,,,,,,,,,,,,,,,,,,,,,,,
POINT (80.2286587 12.9800456),,hospital,hospital,,Ortho clinic,,,,,,,,,,,,,,,,,,,,,,,,,,,,,,,,,,,,,,,,,,,,,,,,,,,,,,,,,,,,,
POINT (80.1644897 13.0358564),,hospital,,,JK Hospital,,,,,,,,,,,,,,,,,,,,,,,,,,,,no,,,,,,,,,,,,,,,,,,,,,,,,,,,,,,,,,
POINT (80.2009134 12.9933638),600088,hospital,hospital,,SP Hospital,,,,,,,Kanchipuram,"No 11, Vellalar 1st Street, Adambakkam",Tamil Nadu,,OpenGovernmentData,,,,,,,,,,,,,,,,,yes,,,,,,,,,,,,,,,,,,,,,,,,,,,,,,,,,
POINT (80.2337388 12.9321684),,hospital,,,Fourtts India Laboratories,,,,,,,,,,,,,,,,,,,,,,,,,,,,,,,,,,,,,,,,,,,,,,,,,,,,,,,,,,,,,
POINT (80.1932105 12.9837958),600001,hospital,hospital,,Rotary Central Margaret Sidney Hospital,,,,,,,Chennai,"No. 13, 7Th Street,Nanganallur",Tamil Nadu,,OpenGovernmentData,,,,,,,,,,,,,,,,,,,,,,,,,,,,,,,,,,,,,,,,,,,,,,,,,,
POINT (80.1850278 12.9786524),,hospital,hospital,,Sri Chakra Hospital,,,,,,,,,,,,,,,,,,Chennai,,,,,,,,,,,,,,,,,,,,,,,,,,,,,,,,,,,,,,,,,,,
POINT (80.1886083 12.9842586),,hospital,hospital,,Dr. Janardhanan Multispeciality Dental Clinic,,,,,,,,,,,,,,,,,,,,,,,,,,,,,,,,,,,,,,,,,,,,,,,,,,,,,,,,,,,,,
POINT (80.268345 13.076782),,hospital,hospital,,Dr Venugopals' Sundaram Clini,,,,,,,,,,,,,,,,,,,,,,,,,,,,,,,,,,,,,,,,,,,,,,,,,,,,,,,,,,,,,
POINT (80.2678381 13.0768734),,hospital,hospital,,Dr Kabir's Clinic,,,,,,,,,,,,,,,,,,,,,,,,,,,,,,,,,,,,,,,,,,,,,,,,,,,,,,,,,,,,,
POINT (80.2672427 13.0764345),,hospital,hospital,,Dr Sridhars'Clinic,,,,,,,,,,,,,,,,,,,,,,,,,,,,,,,,,,,,,,,,,,,,,,,,,,,,,,,,,,,,,
POINT (80.2594411 13.0921812),,hospital,hospital,,Vepery Hospital,,,,,,,,,,,,,,,,,,,,,,,,,,,,,,,,,,,,,,,,,,,,,,,,,,,,,,,,,,,,,
POINT (80.191882 12.9658002),600091,hospital,hospital,,Vasan Eye care,,,,,,,Kanchipuram,"No: 683/5, Mahalingam Street ( Near Sbi ) Madipakkam",Tamil Nadu,,OpenGovernmentData,,,,,,,,,,,,,,,,,,,,,,,,,,,,,,,,,,,,,,,,,,,,,,,,,,
POINT (80.2236256 13.0929667),600102,hospital,hospital,,Jaws Dental Foundation,,,,,,,,,,,,,,,,,,Chennai,,,30th Street,,,,158,,,yes,Dr. A. Aniz,O Block,Anna Nagar East,,,,,,,,,,,,,,,,,,,,,,,,,,,,,,
POINT (80.2594702 13.0205681),,hospital,hospital,,Chennai Skin Foundation,,,,,,,,,,,,,,,,,,,,,,,,,,,,,,,,,,,,,,,,,,,,,,,,,,,,,,,,,,,,,
POINT (80.2082964 12.9710287),600091,hospital,hospital,,Sukrthi Nursing Home,,,,,,,,,,,,,,,,,,Chennai,,,Mullai Street,,,,21,,,yes,Sukrthi Nursing Home,,,,,,,,,,,,,,,,,,,,,,,,,,,,,,,,
POINT (80.1784622 13.0405941),600087,hospital,,Cataract; Cornea and Refractive; Cornea; Lasik; Refractive; Contact Lens; Retina; Orbit and Oculoplasty; Glaucoma; Uvea; Neuro Ophthalmology; Squint and Pediatric Ophthalmolog,A.N.N Hospital,,,,,,,Chennai,"81-85, Near Indian Bank & Andhra Meals Hotel, Valasaravakkam",Tamil Nadu,,OpenGovernmentData,,,,,,Chennai Zone Xi,,,,,,,,,,,yes,,,,,,,,,,,,,,,,,,,,,,,,,,,,,,,,,
POINT (80.2573008 13.0381705),60004,hospital,hospital,,Kauvery Hospital,,,,,,,,,,,,https://www.kauveryhospital.com/,,,,,,Chennai,,,Luz Church Road,+914440006000,yes,,#199,,,yes,,,,The building is shared by Lifestyle Home Center and the hospital,,,,,,,,,,,,,,,,,,,,,,,,,,,,,
POINT (80.2298924 12.9862735),600042,hospital,hospital,,Velachery SABA Hospital,,,,,,,,,,,,,,,,,,,,,,,,,,,,,,,,,Velachery;Chennai;TN;Tamilnadu,,,,,,,,,,,,,,,,,,,,,,,,,,,,
POINT (80.2223505 12.9767775),,hospital,hospital,,Kaya Skin clinic,,,,,,,,,,,,,,,,,,,,,,,,,,,,,,,,,,,,,,,,,,,,,,,,,,,,,,,,,,,,,
POINT (80.1870589 13.0859961),600037,hospital,hospital,,Madras Medical Mission Hospital - Institute of Cardio Vascular Diseases,,,,,Q14956788,en:Madras Medical Mission,Chennai,"4 - A, Dr.J.Jayalalitha Nagar, Mogappair",Tamil Nadu,private,OpenGovernmentData,http://www.madrasmedicalmission.org/,,icvddoctors@mmm.org.in,,,,Chennai,,,,044 2656 5991,yes,,4-A,,,yes,,,Mogappair East,,,,,,,,,,,,,,,,,,,,,,,,,,,,,,
POINT (80.2488406 13.1260907),600118,hospital,hospital,,Pavithra Hospital,,,,,,,Chennai,"No.7, Ethiraiswami Salai, Erukkenchery",Tamil Nadu,,OpenGovernmentData,,,,,,,Chennai,,,Ethiraj Samy Salai,,,,7,,,,,,,,,,,,,,,,,,,,,,,,,,,,,,,,,,,,
POINT (80.2497746 13.0642564),600006,hospital,hospital,,Shankara Netralaya Eye Hospital,,,,,,,,,,,,https://sankaranethralaya.org/,,,,,,,,,Pycrofts Garden Road,,,,,,,,,,,,,,,,,,,,,,,,,,,,,,,,,,,,,,,,
POINT (80.187599 12.9733792),600061,hospital,hospital,,Srinivasan Rajalakshmi Memorial Hospital,,,,"Dr. S.Krishnan , MD.RT, Dr. Mrs. P. Radha [MD]",,,Kanchipuram,"11/77, Voltas Colony,6Th Street Nanganallur- 61",Tamil Nadu,private,OpenGovernmentData,,,,,,,nanganallur,,,"6th street,voltas colony","+91 98401 17136, +91 44 4504 6010",yes,,11/77,,,yes,,,,,,,,,,,,,,,,,,,,,,,,,,,,,,,,,
POINT (80.1829882 13.026489),,hospital,,,,,,,,,,,,,,,,,,,,,,,,,,,,,,,,,,,,,,,,,,,,,,,,,,,,,,,,,,,,,,,,
POINT (80.1889685 13.0380047),,hospital,hospital,,Chennai Medical Centre Hospital,,,,,,,,,,,,,,,,,,,,,,,,,,,,,,,,,,,,,,,,,,,,,,,,,,,,,,,,,,,,,
POINT (80.2114304 13.0515961),600026,hospital,hospital,,SRM Institutes For Medical Science,SRM Institutes For Medical Science,,,,,,Chennai,"No.1, Next To Vadapalani Metro Station, Vadapalani, Jawaharlal Nehru Salai",Tamil Nadu,,OpenGovernmentData,https://www.simshospitals.com/,,,,,Chennai Zone X,,,,Jawaharlal Nehru Road (100 Feet Road),+91 44 2000 2001,,24/7,No. 1,,,,,,,,,SIMS Hospital,,,,,,,,,,,,,,,,,,,,,,,,,,,
POINT (80.2395364 13.0135999),,hospital,,,HEALTH,,,,,,,,,,,,,,,,,,,,,,,,,,,,,,,,,,,,,,,,,,,,,,,,,,,,,,,,,,,,,
POINT (80.2905249 13.1133021),600013,hospital,hospital,,,GURU EYE HOSPITAL,,,,,,,,,,,,,drasrajaguru@gmail.com,,,,,,,SOMU STREET 6th LANE,+914425980998,,Mo-Su 09:00-21:00,6,,,,,,,,,,wlan,,,,,,,,,,,,,,,,,,,,,,,,,,
POINT (80.2429369 13.1131363),600011,hospital,hospital,,,J.M Hoapital,,,,,,Chennai,"Siruvallur, Perambur, Chennai",Tamil Nadu,,Local Knowledge,,,,,,,,,,,,,,,,,,,,,,,,,,,,,,,,,,,,,,,,,,,,,,,,,,
POINT (80.2727336 13.0527235),600014,hospital,hospital,,The Cresent Hospital,The Crescent Hospital,,,,,,Chennai,"New No:91, Old No: 46, Royapettah, Dr. Besant Road",Tamil Nadu,,OpenGovernmentData,,,,,,Chennai Zone Ix,,,,,,,Mo-Sa 08:00-13:00; Su 08:00-12:00,,,,,,,,,,,,,,,,,,,,,,,,,,,,,,,,,,,,,
POINT (80.2375326 13.0590329),600034,hospital,hospital,,Biocosmo Healthcare,Biocosmo Healthcare,,,,,,,,,,,,,,,,,,,,Mahalingapuram Main Road,7200080075,,Mo-Sa 10:30-19:30; Su 14:30-19:30,27,,,,,,,,,,,,,,,,,,,,,,,,,,,,,,,,,,,,
POINT (80.1805593 13.0799682),,hospital,,,VSR Hospital,,,,,,,,,,,,,,,,,,,,,Church road,,,,"plat no pc 5, black 10",,,,,,,,,"VSR HOSPITAL is a Cardiology clinic in Mogappair East, Chennai. The clinic is visited by doctors like Dr. Jyotirmaya Dash.",,,,,,,,,,,,,,,,,,,,,,,,,,,
POINT (80.1804976 13.0800478),,hospital,,,New Life Family Hospitals,,,,,,,,,,,,http://newlifehospitals.com/,,,,,,,,,Church road,044 26566823,,,4,,,,,,,,,"New Life Hospitals is one of the distinguished multi super-specialty hospitals in Chennai, providing health care facilities in areas of cardiology, neurology, orthopedics, gynecology,urology, pediatrics, diabetics, Dermatology and so on.",,,,,,,,,,,,,,,,,,,,,,,,,,,
POINT (80.2083222 13.0497391),600017,hospital,hospital,,Vijaya Group of Hospital,,,,,,,Chennai,"Gopathi Narayanaswami Chetty Rd, Satyamurthy Nagar, T. Nagar",Tamil Nadu,,OpenGovernmentData,https://vijayahospital.org/,,,,,Chennai Zone Ix,,,,"New No:434, Old No:180, NSK Salai Rd, Vadapalani, Chennai, Tamil Nadu 600026",044 6664 6600,,24/7,,,,,,,,,,,,,,,,,,,,,,,,,,,,,,,,,,,,,
POINT (80.275747 13.0615207),600005,hospital,hospital,,ஹிபா சிறப்பு மருத்துவமனை,hiba specility hospital,,,,,,Chennai,"Old No-25 New No:53, Big Street, Near Hindu Higher Secondary School",Tamil Nadu,,OpenGovernmentData,,,,,,,,,,Veeraraghava Street (Big St),,,24/7,"25,53",,,,,,,,,,,,,,,,,,,,,,,,,,,,,,,,,,,,
POINT (80.2293536 12.9856999),,hospital,hospital,,ARK Hospital,,,,,,,,,,,,,,,,,,,,,Gandhi Road,,,,,,,,,,,,Velachery;Chennai;Tamilnadu;TN;India;IN,,,,,,,,,,,,,,,,,,,,,,,,,,,,
POINT (80.2228983 13.031147),600033,hospital,hospital,general,Annamalai Hospital,,,,Annamalai,,,Chennai,"# 27, Govindan Raod, West Mambalam, Near Srinivasa Theatre",Tamil Nadu,,OpenGovernmentData,,,,,,,Chennai,,,Govindan Road,,,,,,,,,,,,,,,,,,,,,,,,,,,,,,,,,,,,,,,,
POINT (80.2207913 13.0319539),600015,hospital,hospital,general;orthopaedics,Ezhil Hospital,,,,Durairaj,,,,,,,,,,,,,,Saidapet,,,Govindan Road,,,,,,,yes,,,,,,,,,,,,,,,,,,,,,,,,,,,,,,,,,
POINT (80.2043658 12.9794),,hospital,hospital,,"Qure Ortho Clinic, Physiotherapy, X Ray & Pharmacy",,,,,,,,,,,,,,,,,,,,,"68, 18th St, Balaji Nagar Extn-II, Vanuvampet, Madipakkam, Chennai, Tamil Nadu 600088",095000 06644,,Mo-Su 08:00-22:00,,,,,,,,,,,,,,,,,,,,,,,,,,,,,,,,,,,,,
POINT (80.2085951 13.0289663),,hospital,hospital,,Nivas Skin Clinic,,,,,,,,,,,,,,,,,,,,,,,,,,,,,,,,,,,,,,,,,,,,,,,,,,,,,,,,,,,,,
POINT (80.2451004 13.0337515),600035,hospital,hospital,oncology,Apollo Cancer Centres,,,,,,,CHENNAI,"4th Floor, Geo Tower, Old No.319, New No.465, Anna Salai, Nandanam, Chennai",Tamil Nadu,private,OpenGovernmentData,https://apollocancercentres.com/,,apollocancercentres.digital@gmail.com,,,,Chennai,,,"Anna Salai, Teynampet,",,,24/7,"Nandanam, 320,",,,,,,,,,,,04424347288;04424331741;04424336119,,,,,,,,,,,,,,,,,,,,,,,,,
POINT (80.230346 13.0329888),600017,hospital,hospital,,Raju Hospitals,,,,,,,Chennai,"No:43, Near Bus Terminus, T. Nagar, South Usman Road",Tamil Nadu,,OpenGovernmentData,,,,,,Chennai Zone X,,,,,,,,,,,,,,,,,,,,,,,,,,,,,,,,,,,,,,,,,,,,
POINT (80.177473 13.042307),600087,hospital,,,Rakshith Hospitals,,,,,,,Tiruvallur,"153, Arcot Road, Sai Square Complex Valasaravakkam Chennai Chennai",Tamil Nadu,,OpenGovernmentData,,,,,,,,,,,,,,,,,,,,,,,,,,,,,,,,,,,,,,,,,,,,,,,,,,
POINT (80.2507134 13.0063976),600001,hospital,hospital,,Sri Kalyan Hospital,,,,,,,Chennai,"12, First Main Road Kasturba Nagar Adyar",Tamil Nadu,,OpenGovernmentData,,,,,,,,,,,,,,,,,,,,,,,,,,,,,,,,,,,,,,,,,,,,,,,,,,
POINT (80.2418775 13.1105649),600011,hospital,hospital,,Sen Hospital,,,,,,,Chennai,"New No. 51, 18,Bunder Garden Street,Perambur,Opposite Lourdes Girls School",Tamil Nadu,,OpenGovernmentData,,,,,,,,,,,,,,,,,,,,,,,,,,,,,,,,,,,,,,,,,,,,,,,,,,
POINT (80.2272588 13.0757435),600030,hospital,hospital,,Billroth Hospitals,,,,,,,Chennai,"43, Lakshmi Talkies Road, Shenoy Nagar",Tamil Nadu,private,OpenGovernmentData,https://www.billrothhospitals.com/,Shenoy Nagar,support@billroth.com,,,,,,,,,,,,,,,,,,,,,,,,,,,,,,,,,,,,,,,,,,,,,,,
POINT (80.2112943 13.1026603),600049,hospital,hospital,,Cauvery Trust Hospital,,,,,,,Tiruvallur,"No.36, Ponnankinaru Street, Villivakkam",Tamil Nadu,,OpenGovernmentData,,,,,,,,,,,,,,,,,,,,,,,,,,,,,,,,,,,,,,,,,,,,,,,,,,
POINT (80.1670808 13.0229098),600125,hospital,hospital,general;paediatrics,Kedar Hospital,,,,,,,Kanchipuram,"19, Vinayagapuram, Mugalivakkam Main Road Porur",Tamil Nadu,,OpenGovernmentData,,,,,,,சென்னை - Chennai,,,Mugalivakkam Main Road,,yes,,19,,,,,,,,,,,,,,,,,,,,,,,,,,,,,,,,,,,,
POINT (80.1796965 13.0829726),600037,hospital,hospital,,Srinivas Eye Hospital,,,,,,,Tiruvallur,"335, Thirucalluvar Salai Panneer Nagar, Mugapair Chennai",Tamil Nadu,,OpenGovernmentData,,,,,,,,,,,,,,,,,,,,,,,,,,,,,,,,,,,,,,,,,,,,,,,,,,
POINT (80.2156412 13.0838202),600040,hospital,hospital,,Soundarapandian Bone and Joint Hospital Research Institute Pvt. Ltd.,,,,,,,Chennai,"Aa 16, 3Road Main Road, Anna Nagar",Tamil Nadu,,OpenGovernmentData,,,,,,,,,,,,,,,,,,,,,,,,,,,,,,,,,,,,,,,,,,,,,,,,,,
POINT (80.2572808 13.079494),600084,hospital,hospital,,Dr. U. Mohan Rau Memorial Hospital - Chennai,,,,,,,Chennai,"962, Poonamallee High Road, Near Egmore Over Bridge",Tamil Nadu,,OpenGovernmentData,,,,,,,,,,,,yes,,,,,,,,,,,,,,,,,,,,,,,,,,,,,,,,,,,,,,
POINT (80.234026 13.0762935),600010,hospital,hospital,,Chennai Cancer Care,,,,,,,Chennai,"# 55,New Avadi Road,Kilpauk",Tamil Nadu,,OpenGovernmentData,,,,,,,,,,,,,,,,,,,,,,,,,,,,,,,,,,,,,,,,,,,,,,,,,,
POINT (80.2246302 12.9789449),600042,hospital,hospital,,Chennai Eye Care Hospital,,,,,,,Chennai,No 6 12Th Cross Steet Dhandeeswaram Nagar Velachery,Tamil Nadu,,OpenGovernmentData,,,,,,,,,,,,,,,,,,,,,,,,,,,,,,,,,,,,,,,,,,,,,,,,,,
POINT (80.2410534 13.0917939),600010,hospital,hospital,,Chennai Heart Centre,,,,,,,Chennai,"64, Medavakkam Tank Road, Kilpauk",Tamil Nadu,,OpenGovernmentData,,,,,,,,,,,,,,,,,,,,,,,,,,,,,,,,,,,,,,,,,,,,,,,,,,
POINT (80.2558082 13.0268492),600028,hospital,hospital,,Chennai Kaliappa Hospital,,,,,,,Chennai,"#52, Raja Annamalai Puram",Tamil Nadu,,OpenGovernmentData,,,,,,,,,,,,,,,,,,,,,,,,,,,,,,,,,,,,,,,,,,,,,,,,,,
POINT (80.2341561 13.0833606),600010,hospital,hospital,,Mots Hospital,,,,,,,Chennai,"264/125, Kilpauk Garden Road, Kilpauk",Tamil Nadu,,OpenGovernmentData,,,,,,,,,,,,,,,,,,,,,,,,,,,,,,,,,,,,,,,,,,,,,,,,,,
POINT (80.2157642 13.0723588),600106,hospital,hospital,,Vasanthi Orthopaedic Hospital,,,,,,,Chennai,"Cp-50, Razack Garden Main Road, Arumbakkam",Tamil Nadu,,OpenGovernmentData,,,,,,,,,,,,,,,,,,,,,,,,,,,,,,,,,,,,,,,,,,,,,,,,,,
POINT (80.2481786 13.0788127),600010,hospital,hospital,,R.K. Gynaec And Maternity Hospital,,,,,,,Chennai,"866, Poonamallee High Road, Kilpauk",Tamil Nadu,,OpenGovernmentData,,,,,,,,,,,,,,,,,,,,,,,,,,,,,,,,,,,,,,,,,,,,,,,,,,
POINT (80.2278288 13.0240792),600015,hospital,hospital,,R.G. Stone Urological Research Institute,,,,,,,Chennai,"391/392, Anna Salai, 1st Floor, Miv Complex., Opposite New Bus Stand, Saidapet",Tamil Nadu,,OpenGovernmentData,,,,,,,,,,,,,,,,,,,,,,,,,,,,,,,,,,,,,,,,,,,,,,,,,,
POINT (80.2311788 13.0485912),600017,hospital,hospital,,R. K. Eye Centre,,,,,,,Chennai,"No. 14/20, Chari Street, T. Nagar",Tamil Nadu,,OpenGovernmentData,,,,,,,,,,,,,,,,,,,,,,,,,,,,,,,,,,,,,,,,,,,,,,,,,,
POINT (80.2317998 13.0714757),600031,hospital,hospital,,Psymed Hospiyal,,,,,,,Chennai,"49/2,Harrington Road,Chetput",Tamil Nadu,,OpenGovernmentData,,,,,,,,,,,,,,,,,,,,,,,,,,,,,,,,,,,,,,,,,,,,,,,,,,
POINT (80.2187696 13.0433091),600033,hospital,hospital,,"Vasanthram Hospital (P) Ltd.,",,,,,,,Chennai,"No.7, Varadappan Street,West Mambalam",Tamil Nadu,,OpenGovernmentData,,,,,,,,,,,,,,,,,,,,,,,,,,,,,,,,,,,,,,,,,,,,,,,,,,
POINT (80.2133146 13.0516559),600026,hospital,hospital,,Vadapalani Multispeciality Hospital,,,,,,,Chennai,"Near Murugan Temple, Vadapalani, Palaniandavar Koil St",Tamil Nadu,,OpenGovernmentData,,,,,,Chennai Zone X,,,,,,,,,,,,,,,,,,,,,,,,,,,,,,,,,,,,,,,,,,,,
POINT (80.2876528 13.1232306),600021,hospital,hospital,,"M N Eye Hospital Private Limited, Tondiarpet",,,,,,,Chennai,"No.781, T H Road, Opposite Tondiarpet Police Station",Tamil Nadu,private,OpenGovernmentData,https://www.mneyehospitals.com/,Tondiarpet,,,,,,,,,,,,,,,,,,,,,,,,,,,,,,,,,,,,,,,,,,,,,,,,
POINT (80.2502386 13.0838812),600010,hospital,hospital,,Doctor Rexs Hospitals,,,,,,,Chennai,"(Old No.19), New No.37, Millers Road, Kilpauk",Tamil Nadu,,OpenGovernmentData,,,,,,,,,,,,,,,,,,,,,,,,,,,,,,,,,,,,,,,,,,,,,,,,,,
POINT (80.2189144 12.9855882),600042,hospital,hospital,,Helios Hospital Pvt Ltd,,,,,,,Chennai,"No.39, Rajalakhsmi Nagar",Tamil Nadu,,OpenGovernmentData,,,,,,,,2026-02-24,,,,,,,,,,,,,,,,,,,,,,,,,,,,,,,,,,,,,,,,,,
POINT (80.2605303 13.0995855),600012,hospital,hospital,,Deepam Muthu Hospital,,,,,,,Chennai,"#105, Pulianthope High Road,Pulianthope",Tamil Nadu,,OpenGovernmentData,,,,,,,,,,,,,,,,,,,,,,,,,,,,,,,,,,,,,,,,,,,,,,,,,,
POINT (80.2899749 13.1238765),600081,hospital,hospital,,Malligai Hospital,,,,,,,Chennai,"Old No 10, New No 33, Agastya Theatre Back Side, Tondiarpet, Kannka Pillai Street",Tamil Nadu,,OpenGovernmentData,,,,,,Chennai Zone I,,,,,,,,,,,,,,,,,,,,,,,,,,,,,,,,,,,,,,,,,,,,
POINT (80.235353 13.0282655),600035,hospital,hospital,,Huma Specialists Hospital and Research Centre Pvt Ltd,,,,,,,Chennai,"786 Anna Salai, CIT Nagar West",Tamil Nadu,private,OpenGovernmentData,https://humahospital.com/,Nandanam,admin@humahospital.com,,,,,,,,,,,,,,,,,,,,,,,,,,,,,,,,,,,,,,,,,,,,,,,
POINT (80.2485046 13.1418442),600118,hospital,hospital,,Noor`S Hospital,,,,,,,Chennai,"No.13, Seetharam Nagar, Vii Street, Munsif Garden,Chinnakodungaiyur",Tamil Nadu,,OpenGovernmentData,,,,,,,,,,,,,,,,,,,,,,,,,,,,,,,,,,,,,,,,,,,,,,,,,,
POINT (80.2287099 13.1177888),600082,hospital,hospital,,"Vasan Eye Care Hospital, Perambur",,,,,,,Chennai,"#289/149, D.No.149, ,Paper Mills Road, Opp To 70 Feet Road,Perambur",Tamil Nadu,,OpenGovernmentData,,,,,,,,,,,,,,,,,,,,,,,,,,,,,,,,,,,,,,,,,,,,,,,,,,
POINT (80.2162984 13.0379757),600083,hospital,hospital,,Sri Sai Krs Hospital,,,,,,,Chennai,"No.39, Ashok Nagar, 7Th Avenue",Tamil Nadu,,OpenGovernmentData,,,,,,Chennai Zone X,,,,,,,,,,,,,,,,,,,,,,,,,,,,,,,,,,,,,,,,,,,,
POINT (80.1883923 12.9779713),600061,hospital,hospital,,"Gowri Nursing Home, Kanchipuram",,,,,,,Kanchipuram,"18, 6Th Street Lakshmi Nagar, Nanganallur Chennai",Tamil Nadu,,OpenGovernmentData,,,,,,,,,,,,,,,,,,,,,,,,,,,,,,,,,,,,,,,,,,,,,,,,,,
POINT (80.2469972 13.0813959),600010,hospital,hospital,,Satish Eye Hospital,,,,,,,Chennai,"No. 15, Ormes Road, Kilpauk",Tamil Nadu,,OpenGovernmentData,,,,,,,,,,,,,,,,,,,,,,,,,,,,,,,,,,,,,,,,,,,,,,,,,,
POINT (80.220515 13.0741442),600029,hospital,hospital,,"A.K. Hospital, Chennai",,,,,,,Chennai,"P.H. Road,Jn Of P.H. Road And, Nelson Manickam Road, Aminjikarai",Tamil Nadu,,OpenGovernmentData,,,,,,,,,,,,,,,,,,,,,,,,,,,,,,,,,,,,,,,,,,,,,,,,,,
POINT (80.2159045 13.0331935),600083,hospital,hospital,,Ammayi Eye Hospital,,,,,,,Chennai,"New No 80, 7Th Avenue Ashok Nagar",Tamil Nadu,private,OpenGovernmentData,https://www.ammayieyehospital.com/,Ashok Nagar,contact@ammayieyehospital.com,,,,,,,,,,,,,,,,,,,,,,,,,,,,,,,,,,,,,,,,,,,,,,,
POINT (80.2013517 13.0379671),600001,hospital,hospital,,K.M. Speciality Hospital,,,,,,,Chennai,"453 And 454, R.K. Shanmugam Salai , K.K. Nagar",Tamil Nadu,,OpenGovernmentData,,,,,,,,,,,,,,,,,,,,,,,,,,,,,,,,,,,,,,,,,,,,,,,,,,
POINT (80.2923493 13.1113868),600013,hospital,hospital,,Subha Hospital,,,,,,,Chennai,"87/38, M.S. Koil Street, Royapuram",Tamil Nadu,,OpenGovernmentData,,,,,,,,,,,,,,,,,,,,,,,,,,,,,,,,,,,,,,,,,,,,,,,,,,
POINT (80.2394965 13.0339283),600017,hospital,hospital,,Radhatri Nethralaya,,,,,,,Chennai,"12, Hindi Prachara Sabha Street, T Nagar",Tamil Nadu,,OpenGovernmentData,,,,,,,,2025-11-21,,,,,,,,,,,,,,,,,,,,,,,,,,,,,,,,,,,,,,,,,,
POINT (80.2044211 13.0400969),600078,hospital,hospital,,"S M Hospital, Chennai",,,,,,,Chennai,"B-49B, Dr.Ramasamy Salai, Near Pillayar Koil Bus Stop, K.K Nagar",Tamil Nadu,,OpenGovernmentData,,,,,,,,,,,,,,,,,,,,,,,,,,,,,,,,,,,,,,,,,,,,,,,,,,
POINT (80.2090184 13.0924039),600040,hospital,hospital,multi speciality,Aashiana Hospital,,,,,,,Chennai,"1201, 6th Avenue",Tamil Nadu,private,OpenGovernmentData,http://www.aashianachennai.com/p/home.html,Anna Nagar,info@aashianachennai.com,,,,,,,,,,,,,,,,,,,,,,,,,,,,,,,,,,,,,,,,,,,,,,,
POINT (80.2498054 13.0847009),600010,hospital,hospital,,"Ayesha Hospital, Kilpauk",,,,,,,Chennai,"91-A Millers Road, Kilpauk",Tamil Nadu,,OpenGovernmentData,,,,,,,,,,,,,,,,,,,,,,,,,,,,,,,,,,,,,,,,,,,,,,,,,,
POINT (80.2517212 13.0323531),600018,hospital,hospital,,Frontline Eye Hospital,,,,,,,Chennai,123 T.T.K. Rood Alwarpet,Tamil Nadu,,OpenGovernmentData,,,,,,,,,,,,,,,,,,,,,,,,,,,,,,,,,,,,,,,,,,,,,,,,,,
POINT (80.2744473 13.0477722),600005;600014,hospital,hospital,,Fousiya Hospital,,,,,,,Chennai,"New No: 119, Old No: 56, Ice House Police Station, Triplicane, Dr. Natesan St;Sudandira Nagar",Tamil Nadu,,OpenGovernmentData;Local Knowledge,,,,,,Chennai Zone Ix,,,,,,,,,,,,,,,,,,,,,,,,,,,,,,,,,,,,,,,,,,,,
POINT (80.2274586 13.0764653),600030,hospital,hospital,,Hande Hospital,,,,,,,Chennai,"45, Lakshmi Talkies Road",Tamil Nadu,private,OpenGovernmentData,https://www.handehospital.org/,Shenoy Nagar,handehospital@yahoo.com,,,,,,,,,,,,,,,,,,,,,,,,,,,,,,,,,,,,,,,,,,,,,,,
POINT (80.2381137 13.0374924),600017,hospital,hospital,,Dr Gurusekaran Hospital Pvt Ltd,,,,,,,Chennai,"N0-01, Crescent Park Street, T Nagar",Tamil Nadu,,OpenGovernmentData,,,,,,,,,,,,,,,,,,,,,,,,,,,,,,,,,,,,,,,,,,,,,,,,,,
POINT (80.2068955 12.9952982),600088,hospital,hospital,,G. R. Hospital & Fertility Centre,,,,,,,Chennai,"#12/6, City Link Road, Near NGO Colony Bus Stand",Tamil Nadu,private,OpenGovernmentData,http://www.grfertilitycentre.com/,Adambakkam,grhospital@gmail.com,,,,,,,,,,,,,,,,,,,,,,,,,,,,,,,,,,,,,,,,,,,,,,,
POINT (80.2585199 13.0899919),600004,hospital,hospital,,G K M Hospital Pvt Ltd,,,,,,,Chennai,"120/113, Perambur Barracks Road, Purasawalkam",Tamil Nadu,,OpenGovernmentData,,,,,,,,,,,,,,,,,,,,,,,,,,,,,,,,,,,,,,,,,,,,,,,,,,
POINT (80.2601581 12.9864526),600041,hospital,hospital,,Starlight Hospitals Pvt Ltd,,,,,,,Chennai,"Old No 3, New 11, North Mada Street, Near Marundeeswarar Temple, Near Thiruvanmiyur Bus Terminus",Tamil Nadu,,OpenGovernmentData,,,,,,,,,,,,,,,,,,,,,,,,,,,,,,,,,,,,,,,,,,,,,,,,,,
POINT (80.2566481 13.0274616),600028,hospital,hospital,,Kaliappa Renal Center,,,,,,,Chennai,"No.43,Second Main Road,R A Puram",Tamil Nadu,,OpenGovernmentData,,,,,,,,,,,,,,,,,,,,,,,,,,,,,,,,,,,,,,,,,,,,,,,,,,
POINT (80.1986745 12.9911179),600088,hospital,hospital,,K P Childrens Hospital And Neuro Centre,,,,,,,Kanchipuram,"No 3, Near Jayalakshmi Cinema Hall & St Thomas Mount Railway Station, Medavakkam Main Road, Adambakkam, Chennai - 600088",Tamil Nadu,,OpenGovernmentData,,,,,,,,,,,,,,,,,,,,,,,,,,,,,,,,,,,,,,,,,,,,,,,,,,
POINT (80.2107431 13.0760812),600106,hospital,,,Ayur Kshetra ( A Unit Of Institute Of Ayurvedic Research Pvt Ltd),,,,,,,Chennai,"No 5, Panchaliamman Koil Street, Arumbakkam",Tamil Nadu,,OpenGovernmentData,,,,,,,,,,,,,,,,,,,,,,,,,,,,,,,,,,,,,,,,,,,,,,,,,,
POINT (80.2339764 13.0343985),600017,hospital,hospital,,Krishna Eye And Ent Hospitals,,,,,,,Chennai,"No.39, Burkit Road, T. Nagar",Tamil Nadu,,OpenGovernmentData,,,,,,,,,,,,,,,,,,,,,,,,,,,,,,,,,,,,,,,,,,,,,,,,,,
POINT (80.2230605 13.0842894),600102,hospital,hospital,,Vishnu Eye Clinic and Laser Foundation,,,,,,,Chennai,"No C 46, Near Chintamani, 2nd Avenue, Anna Nagar East",Tamil Nadu,,OpenGovernmentData,,,,,,,,,,,,,,,,,,,,,,,,,,,,,,,,,,,,,,,,,,,,,,,,,,
POINT (80.2646568 13.0476871),600014,hospital,hospital,,"Santhigiri Ayurveda and Siddha Hospital, Chennai",,,,,,,Chennai,"No.159 Lloyds Road , Siva .Ent Hospital Building",Tamil Nadu,,OpenGovernmentData,,,,,,,,,,,,,,,,,,,,,,,,,,,,,,,,,,,,,,,,,,,,,,,,,,
POINT (80.2110462 13.054729),600026,hospital,hospital,,Vijaya Heart Foundation - Vijaya Hospital,,,,,,,Chennai,"180, Nsk Salai, Vadapalani",Tamil Nadu,,OpenGovernmentData,,,,,,,,,,,,,,,,,,,,,,,,,,,,,,,,,,,,,,,,,,,,,,,,,,
POINT (80.2691898 12.995229),600020,hospital,hospital,,Santosh Hospital Pvt Ltd,,,,,,,Chennai,"No. 1, 7Th Avenue, Besant Nagar. Near Velankanni Church",Tamil Nadu,,OpenGovernmentData,,,,,,,,,,,,,,,,,,,,,,,,,,,,,,,,,,,,,,,,,,,,,,,,,,
POINT (80.2219681 13.0847414),600102,hospital,hospital,,"Dr.Agarwal's Eye Hospital Ltd., Anna Nagar",,,,Dr. Agarwal's Eye Hospital,,,Chennai,"No.107, A Block, 3rd Avenue, Anna Nagar Roundana",Tamil Nadu,private,OpenGovernmentData,https://www.dragarwal.com/,Anna Nagar,annanagar@dragarwal.com,Q17052044,,,,,,,,,,,,,,,,,,,,,,,,,,,,,,,,,,,,,,,,,,,,,,
POINT (80.2222002 12.9762711),600042,hospital,hospital,,Athipathi Hospital and Research Centre,,,,,,,Chennai,"No.-4, 100 Feet Road, Tansi Nagar, Velachery",Tamil Nadu,,OpenGovernmentData,,,,,,,,,,,,,,,,,,,,,,,,,,,,,,,,,,,,,,,,,,,,,,,,,,
POINT (80.2519137 13.0349787),600018,hospital,hospital,,Girishwari Hospital Pvt Ltd,,,,,,,Chennai,"19, K.B Dasan Road (SIET College Road), Alwarpet",Tamil Nadu,private,OpenGovernmentData,https://girishwarihospital.com/,Alwarpet,enquiry@girishwarihospital.com,,,,,,,,,,,,,,,,,,,,,,,,,,,,,,,,,,,,,,,,,,,,,,,
POINT (80.2923614 13.1152895),600012,hospital,hospital,,Sri Kumaran Multi Speciality Hospital,,,,,,,Chennai,"N0:532, Suriya Narayana Street, Royapuram",Tamil Nadu,,OpenGovernmentData,,,,,,,,,,,,,,,,,,,,,,,,,,,,,,,,,,,,,,,,,,,,,,,,,,
POINT (80.1691809 13.0840124),600037,hospital,hospital,,Dr. Arvind Vision Care,,,,,,,Tiruvallur,"Old No.61New No.3,Reddy Palayam Road,Mugappair West",Tamil Nadu,,OpenGovernmentData,,,,,,,,,,,,,,,,,,,,,,,,,,,,,,,,,,,,,,,,,,,,,,,,,,
POINT (80.2618016 13.0407013),600004,hospital,hospital,,Dr. K Ravi Eye Care,,,,,,,Chennai,No. 03 2nd Link Street. Cit Colony,Tamil Nadu,,OpenGovernmentData,,,,,,,,,,,,,,,,,,,,,,,,,,,,,,,,,,,,,,,,,,,,,,,,,,
POINT (80.1877418 13.0896987),600101,hospital,,,"SKS Hospital, Chennai",,,,,,,Chennai,"959, Tvs Colony Annanagar West Extension",Tamil Nadu,,OpenGovernmentData,,,,,,,,,,,,,,,,,,,,,,,,,,,,,,,,,,,,,,,,,,,,,,,,,,
POINT (80.2541439 13.0268688),600004,hospital,hospital,,Madras Ent Research Foundation,,,,,,,Chennai,"15, P.S.Sivasamy Salai, Off Dr.Radhakrishnan Raod) Mylapore",Tamil Nadu,,OpenGovernmentData,,,,,,,,,,,,,,,,,,,,,,,,,,,,,,,,,,,,,,,,,,,,,,,,,,
POINT (80.257671 13.0541946),600086,hospital,hospital,multi speciality,Dr. Mohans Mv Diabetes Specialities Centre - Chennai,,,,,,,Chennai,"6B, Conran Smith Road, Gopalapuram",Tamil Nadu,,OpenGovernmentData,,,,,,,,,,,,,,,,,,,,,,,,,,,,,,,,,,,,,,,,,,,,,,,,,,
POINT (80.228211 12.9109406),603103,hospital,hospital,,Chettinad Super Speciality Hospital,,,,,,,Chennai,"Rajiv Gandhi Salai, Old Mahabalipuram Road",Tamil Nadu,private,OpenGovernmentData,http://www.chettinadhealthcity.com/,Kelambakkam,cssh@chettinadhealthcity.com,,,,,,,,,,,,,,,,,,,,,,,,,,,,,,,,,,,,,,,,,,,,,,,
POINT (80.1523131 13.1185204),600053,hospital,hospital,,Dr.Bhats Eye Hospital,,,,,,,Tiruvallur,"Vijoya Complex,No.1.M.J.H.Road,Ambattur,Chennai",Tamil Nadu,,OpenGovernmentData,,,,,,,,,,,,,,,,,,,,,,,,,,,,,,,,,,,,,,,,,,,,,,,,,,
POINT (80.2336988 13.0780204),600010,hospital,hospital,,Lifeline Rigid Hospital,,,,,,,Chennai,"47/3, New Avadi Road,Near Kilpauk Post Office",Tamil Nadu,,OpenGovernmentData,,,,,,,,,,,,,,,,,,,,,,,,,,,,,,,,,,,,,,,,,,,,,,,,,,
POINT (80.2299839 13.0748591),600029,hospital,hospital,,Dr. Seshiah Diabetes Research Institute and Dr. Balaji Diabetes Care Centre,,,,,Q30269766,,Chennai,"#729, P.H. Road, ,Near Pachaiappa's College,Aminjikarai",Tamil Nadu,,OpenGovernmentData,,,,,,,,,,,,,,,,,,,,,,,,,,,,,,,,,,,,,,,,,,,,,,,,,,
POINT (80.2520867 13.0022187),600020,hospital,hospital,,Dr.Kamakshi Memorial Hospital,,,,,,,Chennai,"6/13, 3rd Cross Street, Kasthuribai Nagar, Adyar",Tamil Nadu,private,OpenGovernmentData,https://www.drkmh.com/,,info@drkmh.com,,,,,,,,,,,,,,,,,,,,,,,,,,,,,,,,,,,,,,,,,,,,,,,
POINT (80.2279374 13.034051),600017,hospital,hospital,,Dr.Duraiswami Eye Hospital,,,,,,,Chennai,"No.10/11, Madley Road, T.Nagar",Tamil Nadu,,OpenGovernmentData,,,,,,,,,,,,,,,,,,,,,,,,,,,,,,,,,,,,,,,,,,,,,,,,,,
POINT (80.217509 12.9832366),600042,hospital,hospital,,Dr.Agarwals Eye Hospital - Velacherry,,,,Dr. Agarwal's Eye Hospital,,,Chennai,"27, 100 Feet Road, Taramani Link Road, Velacherry",Tamil Nadu,private,OpenGovernmentData,,,,Q17052044,,,,,,,,,,,,,,,,,,,,,,,,,,,,,,,,,,,,,,,,,,,,,,
POINT (80.1891661 12.9827844),600061,hospital,hospital,,"Dr.Agarwal's Eye Hospital Ltd, Nanganallur",,,,Dr. Agarwal's Eye Hospital,,,Kanchipuram,"Ophthalmology Department, Margaret Sydney Hospital, 13,2nd Street, Nanganallur",Tamil Nadu,private,OpenGovernmentData,,,,Q17052044,,,Chennai,,,,,,,,,,,,,,,,,,,,,,,,,,,,,,,,,,,,,,,,,,,
POINT (80.2422899 13.0465492),600017,hospital,hospital,,Dr. Udhaya Rajas Dental Centre,,,,,,,Chennai,"56,(Old No.105), G.N. Chetty Road, First Floor, T.Nagar",Tamil Nadu,,OpenGovernmentData,,,,,,,,,,,,,,,,,,,,,,,,,,,,,,,,,,,,,,,,,,,,,,,,,,
POINT (80.1942193 13.0973284),600101,hospital,hospital,,Dhanvantari Eye Care,,Q202011,,,,,Chennai,"W-27, Old No.18, North Main Road,Anna Nagar West Extn",Tamil Nadu,,OpenGovernmentData,,,,,,,,,,,,,,,,,,,,,,,,,,,,,,,,,,,,,,,,,,,,,,,,,,
POINT (80.2318051 13.1183119),600082,hospital,hospital,,Sri Bala Nursing Home,,,,,,,Chennai,"46, S.R.P. Kil Street(North) T.V.K.Nagar",Tamil Nadu,,OpenGovernmentData,,,,,,,,,,,,,,,,,,,,,,,,,,,,,,,,,,,,,,,,,,,,,,,,,,
POINT (80.2581659 13.1638346),600068,hospital,hospital,,"Anand Hospital, Chennai",,,,,,,Tiruvallur,"201, Kamarajar Salai Manali Chennai",Tamil Nadu,,OpenGovernmentData,,,,,,,,,,,,,,,,,,,,,,,,,,,,,,,,,,,,,,,,,,,,,,,,,,
POINT (80.2218689 13.0314888),600033,hospital,hospital,,Lakshmi Hospital,,,,,,,Chennai,"Near Srinivasa Theatre, West Mambalam, Govindan Road",Tamil Nadu,,OpenGovernmentData,,,,,,Chennai Zone X,,2024-04-16,,,,,,,,,,,,,,,,,,,,,,,,,,,,,,,,,,,,,,,,,,
POINT (80.2320063 12.9326457),600096,hospital,hospital,,Nanthini Hospital,,,,,,,Kanchipuram,"168, Chandrasekaran Avenue, O.M.R, Thoraipakkam , Opposite To P.T.C Bus Stop",Tamil Nadu,,OpenGovernmentData,,,,,,,,,,,,,,,,,,,,,,,,,,,,,,,,,,,,,,,,,,,,,,,,,,
POINT (80.245015 13.0480981),600017,hospital,hospital,,Bharathirajaa Hospital and Research centre,,,,,,,Chennai,"Gopathi Narayanaswami Chetty Rd, Satyamurthy Nagar, T. Nagar",Tamil Nadu,,OpenGovernmentData,,,,,,Chennai Zone Ix,,,,,,,,,,,,,,,,,,,,,,,,,,,,,,,,,,,,,,,,,,,,
POINT (80.2444142 13.0699812),600031,hospital,hospital,,Bethany Health Care Centre,,,,,,,Chennai,"72, Spur Tank Road,Chetpet",Tamil Nadu,,OpenGovernmentData,,,,,,,,,,,,,,,,,,,,,,,,,,,,,,,,,,,,,,,,,,,,,,,,,,
POINT (80.2917197 13.1105084),600013,hospital,hospital,,Bhagwan Mahaveer Eye Hospital,,,,,,,Chennai,"No.142, M.S. Koil Street, Royapuram",Tamil Nadu,,OpenGovernmentData,,,,,,,,,,,,,,,,,,,,,,,,,,,,,,,,,,,,,,,,,,,,,,,,,,
POINT (80.1937835 12.9823277),600061,hospital,hospital,,Bharath Hospital,,,,,,,Chennai,"72, I Main Road,Naganallur",Tamil Nadu,,OpenGovernmentData,http://www.bharathhospital.in,,,,,,,,,Nanganallur 1st Main Road,+91 44 2224 6481;+91 44 2224 6789;+91 98419 72378,,24/7,72,,,,,,,,,,,,,,,,,,,,,,,,,,,,,,,,,,,,
POINT (80.2582785 13.0382607),600004,hospital,hospital,,Trinity Acute Care Hospital - Chennai,,,,,,,Chennai,"No:33, Near Alwarpet Signal, Mylapore, Desikan Road",Tamil Nadu,,OpenGovernmentData,,,,,,Chennai Zone Ix,,,,,,,,,,,,,,,,,,,,,,,,,,,,,,,,,,,,,,,,,,,,
POINT (80.2269866 13.0274436),600015,hospital,hospital,,Balakrishna Eye Hospital,,,,,,,Chennai,"11, Sastri 1st Cross Street, Kaveri Nagar Saidapet",Tamil Nadu,,OpenGovernmentData,,,,,,,,,,,,,,,,,,,,,,,,,,,,,,,,,,,,,,,,,,,,,,,,,,
POINT (80.1504859 13.1190773),600010,hospital,hospital,,Dr Rabindran's Health Care Center,,,,,,,Chennai,"212 Mth Road, Ambattur",Tamil Nadu,,OpenGovernmentData,,,,,,,,,,,,,,,,,,,,,,,,,,,,,,,,,,,,,,,,,,,,,,,,,,
POINT (80.2655232 13.026013),600028,hospital,hospital,,B.S.S. Hospital,B.S.S. Hospital,,,,,,Chennai,"200, Ramakrishnan Mutt Road, Mandaveli",Tamil Nadu,,OpenGovernmentData,,,,,,,,2024-05-21,,,,yes,,,,,yes,,,,,,,no,,yes,yes,yes,,,,,,,,,,,,,,,,,,,,,,
POINT (80.2454831 13.0519442),600034,hospital,hospital,,B.R.S. Hospital Pvt. Ltd.,,,,,,,Chennai,"No: 28, Cathedral Gardens Road, Next Hotel Palm Grove, Nungambakkam",Tamil Nadu,,OpenGovernmentData,,,,,,Chennai Zone Ix,,,,,,,,,,,,,,,,,,,,,,,,,,,,,,,,,,,,,,,,,,,,
POINT (80.2558136 13.037303),600086,hospital,hospital,,Harvey Healthcare Limited,,,,,,,Chennai,"Old No 32, New No 12, Conran Smith Road, Gopalapuram",Tamil Nadu,,OpenGovernmentData,,,,,,,,,,,,,,,,,,,,,,,,,,,,,,,,,,,,,,,,,,,,,,,,,,
POINT (80.2476483 13.0518247),600034,hospital,hospital,,Chitra's Ent Laser Hospital,,,,,,,Chennai,"No.30C, Cathedral Garden Road, Nungambakkam",Tamil Nadu,,OpenGovernmentData,,,,,,,,,,,,,,,,,,,,,,,,,,,,,,,,,,,,,,,,,,,,,,,,,,
POINT (80.2313016 13.0395483),600017,hospital,hospital,,Kottakkal Arya Vaidya Sala,,,,,,,Chennai,"Mangesh Street, T Nagar",Tamil Nadu,,OpenGovernmentData,,,,,,,,,,,,,,,,,,,,,,,,,,,,,,,,,,,,,,,,,,,,,,,,,,
POINT (80.2998984 13.1512288),600019,hospital,hospital,,"Rohit Hospital, Tiruvallur",,,,,,,Tiruvallur,"#98/1031, T H Road Kaladipet Chennai Chennai",Tamil Nadu,,OpenGovernmentData,,,,,,,,,,,,,,,,,,,,,,,,,,,,,,,,,,,,,,,,,,,,,,,,,,
POINT (80.2146873 13.0405732),600083,hospital,hospital,,Je Nesam Hospital,,,,,,,Chennai,"Door No.1, 40Th Street, 1St Floor, Opposite To Jfa, Near Ashok Nagar",Tamil Nadu,,OpenGovernmentData,,,,,,Chennai Zone X,,,,,,,,,,,,,,,,,,,,,,,,,,,,,,,,,,,,,,,,,,,,
POINT (80.2619625 13.0376198),600004,hospital,hospital,,Chennai Meenakshi Multispeciality Hospital Ltd,,,,,,,Chennai,"148, Luz Church Road Mylapore",Tamil Nadu,,OpenGovernmentData,,,,,,,,,,,,,,,,,,,,,,,,,,,,,,,,,,,,,,,,,,,,,,,,,,
POINT (80.2592924 13.0210394),600028,hospital,hospital,,Chennai Skin Foundation and Yesudian Research Institute,,,,,,,Chennai,"No:12/2, Bagirathi Ammal Street, C P Ramasamy Road, R.A.Puram",Tamil Nadu,,OpenGovernmentData,,,,,,,,,,,,,,,,,,,,,,,,,,,,,,,,,,,,,,,,,,,,,,,,,,
POINT (80.228278 13.0743327),600032,hospital,hospital,,Dr.Mu.Va.Hospital,,,,,,,Chennai,"6,Kanniamman,Koil Street,Shenoy Nagar",Tamil Nadu,,OpenGovernmentData,,,,,,,,,,,,,,,,,,,,,,,,,,,,,,,,,,,,,,,,,,,,,,,,,,
POINT (80.1798642 13.0844527),600037,hospital,hospital,,Cholayil Sanjeevanam Ayurveda,,,,,,,Tiruvallur,"50, Block 1 1st Flr Amm Towers",Tamil Nadu,,OpenGovernmentData,,,,,,,,,,,,,,,,,,,,,,,,,,,,,,,,,,,,,,,,,,,,,,,,,,
POINT (80.2927141 13.1456863),600019,hospital,hospital,,"Vandana Hospital, Tiruvallur",,,,,,,Tiruvallur,"No.96, Village Street, Tollgate, Sathuma Nagar",Tamil Nadu,,OpenGovernmentData,,,,,,,,,,,,,,,,,,,,,,,,,,,,,,,,,,,,,,,,,,,,,,,,,,
POINT (80.2705644 13.0641326),600002,hospital,hospital,,Mysaan Hospital,,,,,,,Chennai,"19/10, Thayar Street, Mount Road",Tamil Nadu,,OpenGovernmentData,,,,,,,,,,,,,,,,,,,,,,,,,,,,,,,,,,,,,,,,,,,,,,,,,,
POINT (80.1979979 13.0462892),600043,hospital,hospital,,V H M Hospitals Pvt Ltd,,,,,,,Kanchipuram,"No-4, Lal Bahadur Sastry Street Sathya Garden, Saligramam",Tamil Nadu,,OpenGovernmentData,,,,,,,,,,,,,,,,,,,,,,,,,,,,,,,,,,,,,,,,,,,,,,,,,,
POINT (80.1989025 13.0807741),600040,hospital,hospital,,Robin and Robin Health Care,,,,,,,Chennai,162/16 Mangalam Colony 7Th Avennue Anna Nagar,Tamil Nadu,,OpenGovernmentData,,,,,,,,,,,,,,,,,,,,,,,,,,,,,,,,,,,,,,,,,,,,,,,,,,
POINT (80.215956 13.0850496),600040,hospital,hospital,,West Madras Medical Centre,,,,,,,Chennai,"W-98, Second Avenue Anna Nagar",Tamil Nadu,,OpenGovernmentData,,,,,,,,,,,,,,,,,,,,,,,,,,,,,,,,,,,,,,,,,,,,,,,,,,
POINT (80.2568208 13.0390564),600018,hospital,hospital,,"Kauvery Hospital, Chennai",,,,,,,Chennai,"#81, Ttk Road,Alwarpet",Tamil Nadu,,OpenGovernmentData,,,,,,,,,,,,,,,,,,,,,,,,,,,,,,,,,,,,,,,,,,,,,,,,,,
POINT (80.2179844 13.0916495),600040,hospital,hospital,,Rathi Med Speciality Hospital,,,,,,,Chennai,"63, Old No. 102, Q Block, 3Road Avenue , Annanagar",Tamil Nadu,,OpenGovernmentData,,,,,,,,,,,,,,,,,,,,,,,,,,,,,,,,,,,,,,,,,,,,,,,,,,
POINT (80.255186 12.9507835),600115,hospital,hospital,general,Santhi Hospital,,,,Private,,,Chennai,"#18, East Coast Road,Near Neelangarai Bus Stop,Neelangarai",Tamil Nadu,private,local knowledge,,,,,,,சென்னை - Chennai,,,East Coast Road SH49,,,,,,,yes,,,,,,,,,,,,,,,,,,,,,,,,,,,,,,,,,
POINT (80.2159721 13.08497),600040,hospital,hospital,,Sunder Eye Hospital,,,,,,,Chennai,"W - 98, Second Avenue West Madras Medical Centre",Tamil Nadu,,OpenGovernmentData,,,,,,,,,,,,,,,,,,,,,,,,,,,,,,,,,,,,,,,,,,,,,,,,,,
POINT (80.2636349 13.0435469),600004,hospital,hospital,,Laksha Hospital,,,,,,,Chennai,"No.15, P.S.Sivasamy Salai Road, P.S.Sivasamy Salai",Tamil Nadu,private,OpenGovernmentData,http://www.lakshahospitals.com/,Mylapore,admin@lakshahospitals.com; stemcell@lakshahospitals.com,,,,,,,,,,,,,,,,,,,,,,,,,,,,,,,,,,,,,,,,,,,,,,,
POINT (80.2087516 13.1368213),600099,hospital,hospital,,"Lake View Hospital, Tiruvallur",,,,,,,Tiruvallur,"#100 A, Perambur -Redhills Road ,Near Secretariat Colony Bus Stop,Lakshmipuram",Tamil Nadu,,OpenGovernmentData,,,,,,,,,,,,,,,,,,,,,,,,,,,,,,,,,,,,,,,,,,,,,,,,,,
POINT (80.2547595 13.0893773),600007,hospital,hospital,,Narayanaa Hospital,,,,,,,Chennai,"No.18, Tana Street, Purasawalkam",Tamil Nadu,,OpenGovernmentData,,,,,,,,,,,,,,,,,,,,,,,,,,,,,,,,,,,,,,,,,,,,,,,,,,
POINT (80.2623196 13.0269457),600028,hospital,,,Janamma Hospital,Janamma Hospital,,,,,,Chennai,"38/56, Near Bank Of Baroda, Venkata Krishna Road, Jeth Nagar, Mandaveli",Tamil Nadu,,OpenGovernmentData,,,,,,Chennai Zone Ix,,2024-05-22,,,,,,,,,,,,,,,,,,,,,,,,,,,,,,,,,,,,,,,,,,
POINT (80.253244 13.0821536),600084,hospital,hospital,,"Noble Hospital, Chennai",,,,,,,Chennai,"4 Adiappa Mudali Street,Purasaiwalkam Flowers Road",Tamil Nadu,,OpenGovernmentData,,,,,,,,,,,,,,,,,,,,,,,,,,,,,,,,,,,,,,,,,,,,,,,,,,
POINT (80.2934799 13.1354513),600081,hospital,hospital,,"J.K. Hospital, Chennai",,,,,,,Chennai,"New No.303,Old No.99, T.H.Road",Tamil Nadu,,OpenGovernmentData,,,,,,,,,,,,,,,,,,,,,,,,,,,,,,,,,,,,,,,,,,,,,,,,,,
POINT (80.2622388 13.0222055),600028,hospital,hospital,,Indira Eye Hospital,,,,,,,Chennai,No 5 School View Road R K Nagar,Tamil Nadu,,OpenGovernmentData,,,,,,,,,,,,,,,,,,,,,,,,,,,,,,,,,,,,,,,,,,,,,,,,,,
POINT (80.2057502 13.0766658),600006,hospital,,,Indian Hospitals,,,,,,,Chennai,"No. 1051, P.H.Road, Arumbakkam",Tamil Nadu,,OpenGovernmentData,,,,,,,,,,,,,,,,,,,,,,,,,,,,,,,,,,,,,,,,,,,,,,,,,,
POINT (80.2952072 13.1119458),600013,hospital,hospital,,Diabetes Research Centre and M.V.Hospital For Diabetes,,,,,Q30270047,,Chennai,"No.4, West Mada Church Street",Tamil Nadu,private,OpenGovernmentData,https://www.mvdiabetes.com/,Royapuram,drvijay@mvdiabetes.com; appointments@mvdiabetes.com,,,,,,,,,,,,,,,,,,,,,,,,,,,,,,,,,,,,,,,,,,,,,,,
POINT (80.2551001 12.9504267),600041,hospital,hospital,,"Vasan Eye Care Hospital, Neelankarai",,,,,,,Chennai,"No 20, Thamirabarani Towers, Ecr Road, Kabaliswarer Nagar, Neelankarai",Tamil Nadu,,OpenGovernmentData,,,,,,,,,,,,,,,,,,,,,,,,,,,,,,,,,,,,,,,,,,,,,,,,,,
POINT (80.2459216 13.0776912),600010,hospital,hospital,,Apollo First Medical Foundation,,,,,,,Chennai,"154, Poonta Nala High. Road,Kilpauk, Near , K.Mc. Hospital",Tamil Nadu,,OpenGovernmentData,,,,,,,,,,,,,,,,,,,,,,,,,,,,,Apollo FirstMed,,,,,,,,,,,,,,,,,,,,,
POINT (80.2357346 13.0739408),600031,hospital,hospital,,Josephs Nursing Home,,,,,,,Chennai,"10-A, Dr. Guruswamy Road, Chetpet",Tamil Nadu,,OpenGovernmentData,,,,,,,,,,,,,,,,,,,,,,,,,,,,,,,,,,,,,,,,,,,,,,,,,,
POINT (80.2603345 12.9958562),600041,hospital,hospital,,Jayam Polyclinc,,,,,,,Chennai,"No-58, M G Road, Thiruvanmiyur",Tamil Nadu,,OpenGovernmentData,,,,,,,,,,,,,,,,,,,,,,,,,,,,,,,,,,,,,,,,,,,,,,,,,,
POINT (80.2415295 13.0778545),600010,hospital,hospital,,Jayadev Polyclinic Hospital,,,,,,,Chennai,"No : 814, Poonamallee High Road ., Kilpauk",Tamil Nadu,,OpenGovernmentData,,,,,,,,,,,,,,,,,,,,,,,,,,,,,,,,,,,,,,,,,,,,,,,,,,
POINT (80.2302911 13.0600349),600094,hospital,hospital,,Kummaran Eye Speciality Centre,,,,,,,Chennai,"67/79, Choolaimedu High Road",Tamil Nadu,private,OpenGovernmentData,http://www.kumaraneyecare.in/,Choolaimedu,murugesankumaran@hotmail.com,,,,,,,,,,,,,,,,,,,,,,,,,,,,,,,,,,,,,,,,,,,,,,,
POINT (80.2421558 13.1282303),600060,hospital,hospital,,Kvt Health Centre,,,,,,,Chennai,"Moolakadai Junction, Moolkadai, Gnt Road, Moolakadai",Tamil Nadu,,OpenGovernmentData,,,,,,Chennai Zone Iv,,,,,,,,,,,,,,,,,,,,,,,,,,,,,,,,,,,,,,,,,,,,
POINT (80.2916855 13.1302259),600081,hospital,hospital,,Ezhil Hospital,,,,,,,Chennai,"583, Thiruvottiyur High Road, Near Apollo, Tondiarpet",Tamil Nadu,,OpenGovernmentData,,,,,,Chennai Zone I,,,,,,,,,,,,,,,,,,,,,,,,,,,,,,,,,,,,,,,,,,,,
POINT (80.220851 13.0842489),600102,hospital,hospital,,Premier Health Center,,,,,,,Chennai,"B-Block,1/2 Second Avenue,Anna Nagar",Tamil Nadu,,OpenGovernmentData,,,,,,,,,,,,,,,,,,,,,,,,,,,,,,,,,,,,,,,,,,,,,,,,,,
POINT (80.2527237 13.0731975),600031,hospital,hospital,,Vasantha Subramanian Hospitals Pvt Ltd,,,,,,,Chennai,"13, East Spurtank Road, Chetpet",Tamil Nadu,,OpenGovernmentData,,,,,,,,,,,,,,,,,,,,,,,,,,,,,,,,,,,,,,,,,,,,,,,,,,
POINT (80.2812195 13.1109009),600021,hospital,hospital,,"Vasan Eye Care Hospital, Tondiarpet",,,,,,,Chennai,"New No 976, Old No 447, T H Road,Old Washermenpet, Opp To Nirmala Silks,Tondiarpet",Tamil Nadu,,OpenGovernmentData,,,,,,,,,,,,,,,,,,,,,,,,,,,,,,,,,,,,,,,,,,,,,,,,,,
POINT (80.2220044 13.0461063),600024,hospital,hospital,,Madras Poly Clinic and R.R. Scan,,,,,,,Chennai,5 Kannadasan St.Ranga Rajapuram,Tamil Nadu,,OpenGovernmentData,,,,,,,,,,,,,,,,,,,,,,,,,,,,,,,,,,,,,,,,,,,,,,,,,,
POINT (80.1747546 13.0411063),600087,hospital,,,"Vasan Eye Care Hospital, Valasaravakkam",,,,,,,Tiruvallur,"No 50, Arcot Road, Valasaravakkam",Tamil Nadu,,OpenGovernmentData,,,,,,,,,,,,,,,,,,,,,,,,,,,,,,,,,,,,,,,,,,,,,,,,,,
POINT (80.2576911 13.0535505),600086,hospital,hospital,,Life Medhospital,,,,,,,Chennai,"32/12, Next To Gopalapuram Boys High School Play Ground, Gopalapuram, Conran Smith Road",Tamil Nadu,,OpenGovernmentData,,,,,,Chennai Zone Ix,,,,,,,,,,,,,,,,,,,,,,,,,,,,,,,,,,,,,,,,,,,,
POINT (80.2421169 13.0884107),600019,hospital,hospital,,"K.M. Hospitals, Chennai",,,,,,,Tiruvallur,"No.167,E.H.Road,Vyasarpadi,Sharma Nagar,Chennai",Tamil Nadu,,OpenGovernmentData,,,,,,,,,,,,,,,,,,,,,,,,,,,,,,,,,,,,,,,,,,,,,,,,,,
POINT (80.2357775 13.0741955),600031,hospital,hospital,,Zubeda Hospitals Ltd.,,,,,,,Chennai,"# 10, Dr. Guruswamy Road",Tamil Nadu,,OpenGovernmentData,,,,,,,,,,,,,,,,,,,,,,,,,,,,,,,,,,,,,,,,,,,,,,,,,,
POINT (80.2740124 13.0584745),600005,hospital,hospital,,RR Multispeciality Hospital,,,,,,,Chennai,"Near Rathna Cafe Hotel, Triplicane, T.H. Road",Tamil Nadu,,OpenGovernmentData,,,,,,Chennai Zone Ix,,,,,,,,,,,,,,,,,,,,,,,,,,,,,,,,,,,,,,,,,,,,
POINT (80.2367672 13.0743836),600001,hospital,hospital,,Dr.Manju Kulkarni Hospital,,,,,,,Chennai,"No,18,Nowroji Road",Tamil Nadu,,OpenGovernmentData,,,,,,,,,,,,,,,,,,,,,,,,,,,,,,,,,,,,,,,,,,,,,,,,,,
POINT (80.2241461 13.0473239),600024,hospital,hospital,,S.V. Bone And Joint Hospital,,,,,,,Chennai,"New No: 177, Old No:77, Rangarajapuram Road, Kodambakkam",Tamil Nadu,,OpenGovernmentData,,,,,,,,,,,,,,,,,,,,,,,,,,,,,,,,,,,,,,,,,,,,,,,,,,
POINT (80.1927643 12.9652266),600091,hospital,hospital,,Sri G.M. Hospital,,,,,,,Kanchipuram,"#.39, Sabari Salai,Madipakkam",Tamil Nadu,,OpenGovernmentData,,,,,,,,,,,,,,,,,,,,,,,,,,,,,,,,,,,,,,,,,,,,,,,,,,
POINT (80.2362643 13.0981213),600023,hospital,hospital,,Sri Eshodha Hospital,,,,,,,Chennai,"No.46, Konnur High Road Ayanavaram",Tamil Nadu,,OpenGovernmentData,,,,,,,,,,,,,,,,,,,,,,,,,,,,,,,,,,,,,,,,,,,,,,,,,,
POINT (80.1851381 12.97853),600061,hospital,hospital,,Srichakara Multispeciality Hospital,,,,,,,Kancheepuram,"Chennai, No 1 Civil Aviation Colony, 100 Feet Road, Nanganallur",Tamil Nadu,,OpenGovernmentData,,Tambaram,,,,,,,,,,,,,,,,,,,,,,,,,,,,,,,,,,,,,,,,,,,,,,,,
POINT (80.2328438 13.1160177),600011,hospital,hospital,multi speciality,Abhijay Hospital,,,,,,,Chennai,"No.22/2, E.S.I.Hospital Road",Tamil Nadu,private,OpenGovernmentData,https://www.abhijayhospital.com/,Peravallur,,,,,,,,,,,,,,,,,,,,,,,,,,,,,,,,,,,,,,,,,,,,,,,,
POINT (80.2778479 13.0350623),600004,hospital,hospital,,"Sinus And Nose Hospital - Mylapore, Chennai",,,,,,,Chennai,"35 A, Santhome High Road, Marina Beach",Tamil Nadu,,OpenGovernmentData,,,,,,,,,,,,,,,,,,,,,,,,,,,,,,,,,,,,,,,,,,,,,,,,,,
POINT (80.1904562 12.9697917),600091,hospital,hospital,,Sibi Hospital,,,,,,,Kanchipuram,"Plot No. 5, Medavakkam Main Road, , Madipakkam,Near Madipakkam Koot Oad",Tamil Nadu,,OpenGovernmentData,,,,,,,,,,,,yes,,,,,,,,,,,,,,,,,,,,,,,,,,,,,,,,,,,,,,
POINT (80.185987 12.9857914),600 061,hospital,hospital,,Sri Venkateshwara`s C.M. Hospital,,,,,,,Chennai,"No.1, 47th Street, 5th Main Road",Tamil Nadu,private,OpenGovernmentData,https://cmhospital.in/,Nanganallur,info@cmhospital.in,,,,,,,,,,,,,,,,,,,,,,,,,,,,,,,,,,,,,,,,,,,,,,,
POINT (80.2466847 13.1100467),600011,hospital,hospital,,Srinivas Priya Hospital (P) Ltd,,,,,,,Chennai,"Old No.89,& New No.106 Pate Road Perambur, (Near Perambur Railway Station), Patel Road",Tamil Nadu,,OpenGovernmentData,,,,,,,,,,,,,,,,,,,,,,,,,,,,,,,,,,,,,,,,,,,,,,,,,,
POINT (80.2195783 13.0725279),600029,hospital,hospital,,"M.R. Hospital, Chennai",,,,,,,Chennai,"New No. 12 Old No.20, Govindan Street Ayyavoo, Naidu Colony, Aminjikarai",Tamil Nadu,,OpenGovernmentData,,,,,,,,,,,,,,,,,,,,,,,,,,,,,,,,,,,,,,,,,,,,,,,,,,
POINT (80.2336653 13.0810328),600010,hospital,hospital,,M. N. Orthopaedic Hospital,,,,,,,Chennai,"No. 14, Bank Street Off New Avadi Road, Kilpauk",Tamil Nadu,,OpenGovernmentData,https://www.mnorthohosp.com/,,,,,,,,,,+914426442279,,,,,,yes,,,,,,,,,,,,,1975,,,,,,,,,,,,,,,,,,,,
POINT (80.2956927 13.1121574),600013,hospital,,,M V Hospital For Diabetes Pvt Ltd,,,,,,,Chennai,"No-4, West Mada Church Street, Royapuram",Tamil Nadu,,OpenGovernmentData,,,,,,,,,,,,,,,,,,,,,,,,,,,,,,,,,,,,,,,,,,,,,,,,,,
POINT (80.2603599 12.996767),600020,hospital,hospital,ophthalmology,M N Eye Hospital,,,,,,,Chennai,"33, Mahatma Gandhi Road, Sastri Nagar, 2nd Avenue, Adyar",Tamil Nadu,,OpenGovernmentData,,,,,,,,,,,,,,,,,,,,,,,,,,,,,,,,,,,,,,,,,,,,,,,,,,
POINT (80.2864189 13.1170802),600021,hospital,hospital,multi speciality,"A.V. Hospital, Chennai",,,,,,,Chennai,"# 172, Solaiappan Stree, Near Maharani Theatre",Tamil Nadu,,OpenGovernmentData,,,,,,,,,,,,,,,,,,,,,,,,,,,,,,,,,,,,,,,,,,,,,,,,,,
POINT (80.2309737 13.1122162),600082,hospital,hospital,,N.R. Hospital,,,,,,,Chennai,7(1/1A)1st Main Road Jawahar Nagar,Tamil Nadu,,OpenGovernmentData,,,,,,,,,,,,,,,,,,,,,,,,,,,,,,,,,,,,,,,,,,,,,,,,,,
POINT (80.2597135 13.0965878),600012,hospital,hospital,,N.R. Medical Home Private Limited,,,,,,,Chennai,"No 1, Binny Colony, Perambur Barracks Road, Behind Binny Cloth Show Room",Tamil Nadu,,OpenGovernmentData,,,,,,,,,,,,,,,,,,,,,,,,,,,,,,,,,,,,,,,,,,,,,,,,,,
POINT (80.289427 13.117412),600021,hospital,hospital,,Nagamani Hospitals Private Limited,,,,,,,Chennai,"# 116,118, Rajarathinam Saalai, (G.A. Road)",Tamil Nadu,,OpenGovernmentData,,,,,,,,,,,,,,,,,,,,,,,,,,,,,,,,,,,,,,,,,,,,,,,,,,
POINT (80.2610184 13.1184216),600039,hospital,hospital,,Nalamm Hospital Pvt Ltd,,,,,,,Chennai,"10A/3 I Cross Street, M K B Nagar",Tamil Nadu,,OpenGovernmentData,,,,,,,,,,,,,,,,,,,,,,,,,,,,,,,,,,,,,,,,,,,,,,,,,,
POINT (80.2615173 13.0328516),600018,hospital,hospital,,Nandalala Medical Foundation,,,,,,,Chennai,"Thoppu New No.2,(Old No.64),Dr.Ranga Road, Abiramapuram",Tamil Nadu,,OpenGovernmentData,,,,,,,,,,,,,,,,,,,,,,,,,,,,,,,,,,,,,,,,,,,,,,,,,,
POINT (80.2138799 13.1308907),600099,hospital,hospital,,Sri Kumaran Health Centre,,,,,,,Thiruvallur,"No:1419, Chennai, 200 Feet,Retteri Junction,Kolathur",Tamil Nadu,,OpenGovernmentData,,Mathavaram,,,,Madhavaram,,,,,,,,,,,,,,,,,,,,,,,,,,,,,,,,,,,,,,,,,,,,
POINT (80.2247932 12.9784706),600042,hospital,hospital,,Nandhini Hospital,,,,,,,Chennai,"40B, Tansi Nagar Vii St, Velachery",Tamil Nadu,,OpenGovernmentData,,,,,,,,,,,,,,,,,,,,,,,,,,,,,,,,,,,,,,,,,,,,,,,,,,
POINT (80.2607878 13.0265108),600028,hospital,hospital,,Navasuja Sankara Nethralaya,Navasuja Sankara Nethralaya,,,,,,Chennai,"73 Venkatakrishna Road, Ra Puram",Tamil Nadu,,OpenGovernmentData,,,,,,,,2024-05-22,,,,,,,,,,,,,,,,,,,,,,,,,,,,,,,,,,,,,,,,,,
POINT (80.2030747 13.083452),600040,hospital,hospital,,Neomed Hospital - Chennai,,,,,,,Chennai,"2181 L Block 12Th Main Road, Anna Nagar",Tamil Nadu,,OpenGovernmentData,,,,,,,,,,,,,,,,,,,,,,,,,,,,,,,,,,,,,,,,,,,,,,,,,,
POINT (80.2311185 13.0316469),600017,hospital,hospital,,"New Balaji Hospital, Chennai",,,,,,,Chennai,"49 Srinivasa Reddu Street,T Nagar",Tamil Nadu,,OpenGovernmentData,,,,,,,,,,,,,,,,,,,,,,,,,,,,,,,,,,,,,,,,,,,,,,,,,,
POINT (80.2414826 13.0777579),600106,hospital,hospital,,New Hope Indian Specilaity Hospital,,,,,,,Chennai,"No 1051, Poonamallee High Road, Arumbakkam",Tamil Nadu,,OpenGovernmentData,,,,,,,,,,,,,,,,,,,,,,,,,,,,,,,,,,,,,,,,,,,,,,,,,,
POINT (80.2415201 13.0776821),600010,hospital,hospital,,New Hope Medical Centre Pvt. Ltd,,,,,,,Chennai,"No. 814, Poonamallee High Road, Kilpauk",Tamil Nadu,,OpenGovernmentData,,,,,,,,,,,,,,,,,,,,,,,,,,,,,,,,,,,,,,,,,,,,,,,,,,
POINT (80.2940284 13.111251),600013,hospital,hospital,,Nichani Health Centre,,,,,,,Chennai,"10, Arthoon Road Royapuram",Tamil Nadu,,OpenGovernmentData,,,,,,,,,,,,,,,,,,,,,,,,,,,,,,,,,,,,,,,,,,,,,,,,,,
POINT (80.1507749 13.1184222),600053,hospital,,,Om Shakthi Hospital,,,,,,,Tiruvallur,"No. 11, Old B.O.B. St. Secretariate Colony",Tamil Nadu,,OpenGovernmentData,,,,,,,,,,,,,,,,,,,,,,,,,,,,,,,,,,,,,,,,,,,,,,,,,,
POINT (80.2086724 13.0390564),600083,hospital,hospital,,Orthopedic and Specialities Hospital,,,,,,,Chennai,"No. 25, 10Th Avenue, Ashoknagar",Tamil Nadu,,OpenGovernmentData,,,,,,,,,,,,,,,,,,,,,,,,,,,,,,,,,,,,,,,,,,,,,,,,,,
POINT (80.2537027 12.9996223),600020,hospital,hospital,,Padmapriya Hospital Pvt. Ltd.,,,,,,,Chennai,"No. -28, 1st Avenue, Indira Nagar, Adyar",Tamil Nadu,,OpenGovernmentData,,,,,,,,,,,,,,,,,,,,,,,,,,,,,,,,,,,,,,,,,,,,,,,,,,
POINT (80.2235084 13.0122123),624601,hospital,,,Palani Balaji Fertility Centre,,,,,,,Dindigul,"4/12A, Anna Nagar,Palani",Tamil Nadu,,OpenGovernmentData,,,,,,,,,,,,,,,,,,,,,,,,,,,,,,,,,,,,,,,,,,,,,,,,,,
POINT (80.2126005 13.0420391),600083,hospital,hospital,,Pallava Hospital,,,,,,,Chennai,"No.19A, Next To Bhuari Hotel, Ashok Nagar, First Avenue",Tamil Nadu,,OpenGovernmentData,,,,,,Chennai Zone X,,,,,,,,,,,,,,,,,,,,,,,,,,,,,,,,,,,,,,,,,,,,
POINT (80.1835965 12.9801472),600061,hospital,hospital,,Pankajam Memorial Hospital,,,,,,,Kanchipuram,"C3, Hindu Colony, Nanganallur",Tamil Nadu,,OpenGovernmentData,,,,,,,,,,,,,,,,,,,,,,,,,,,,,,,,,,,,,,,,,,,,,,,,,,
POINT (80.2523656 13.060131),600006,hospital,hospital,,Apollo Childrens Hospital,,,,,,,Chennai,"No.15, Thousand Lights, Shafee Mohammed Road",Tamil Nadu,private,OpenGovernmentData,https://www.apollohospitals.com/Apollo_Children/,,enquiry@apollohospitals.com,,,,,,,,,,,,,,,,,,,,,,,,,,,,,,,,,,,,,,,,,,,,,,,
POINT (80.2337551 13.0356881),600017,hospital,hospital,,Anuradha Maternity Centre,,,,,,,Chennai,"31,Dhandapani Street,T.Nagar",Tamil Nadu,,OpenGovernmentData,,,,,,,,,,,,,,,,,,,,,,,,,,,,,,,,,,,,,,,,,,,,,,,,,,
POINT (80.2511633 13.0919709),600012,hospital,hospital,,Shri Balaji Hospital - Chennai,,,,,,,Chennai,"No-36, Brickkiln Road Near Abirani Theatre",Tamil Nadu,,OpenGovernmentData,,,,,,,,,,,,,,,,,,,,,,,,,,,,,,,,,,,,,,,,,,,,,,,,,,
POINT (80.222632 13.0710341),600026,hospital,hospital,,Tamil Nadu Urological Research Centre,,,,,,,Chennai,"No.76,Nelson Manickam Road, Aminjikaral",Tamil Nadu,,OpenGovernmentData,,,,,,,,,,,,,,,,,,,,,,,,,,,,,,,,,,,,,,,,,,,,,,,,,,
POINT (80.3018933 13.1577727),600019,hospital,hospital,,Sss Hospital,,,,,,,Tiruvallur,"No: 924, T H Road Near Ellaiamman Koil",Tamil Nadu,,OpenGovernmentData,,,,,,,,,,,,,,,,,,,,,,,,,,,,,,,,,,,,,,,,,,,,,,,,,,
POINT (80.2300054 13.0517176),600024,hospital,hospital,,"Thulasi Krishna Nursing Home, Kodambakkam",,,,,,,Chennai,"# 5, First Street, Taylors Estate, Kodambakkam",Tamil Nadu,,OpenGovernmentData,,,,,,,,,,,,,,,,,,,,,,,,,,,,,,,,,,,,,,,,,,,,,,,,,,
POINT (80.3032967 13.1652175),600019,hospital,hospital,,"Sugam Hospital, Tiruvallur",,,,,,,Tiruvallur,"#349, ,Thiruvottiyur High Road,Thiruvottiyur",Tamil Nadu,,OpenGovernmentData,,,,,,,,,,,,,,,,,,,,,,,,,,,,,,,,,,,,,,,,,,,,,,,,,,
POINT (80.2382156 13.074266),600031,hospital,hospital,,Dr. Agarwal's Eye Hospital,,,,Dr. Agarwal's Eye Hospital,,,Chennai,"No. 11, M C. Nichols Road, 4Th Lane, Opposite To Chetpet Police Station Chetpet",Tamil Nadu,private,OpenGovernmentData,,,,Q17052044,,,,,,,,,,,,,,,,,,,,,,,,,,,,,,,,,,,,,,,,,,,,,,
POINT (80.2244673 13.0850183),600102,hospital,hospital,,Selvarangam Hospital,,,,,,,Chennai,"C-54, 1 St Main Road, Anna Nagar East, Near Chinthamani Supermarket",Tamil Nadu,,OpenGovernmentData,,,,,,,,,,,,,,,,,,,,,,,,,,,,,,,,,,,,,,,,,,,,,,,,,,
POINT (80.2505444 13.0670837),600006,hospital,hospital,,"Sankara Nethralaya, Chennai",,,,,,,Chennai,"(A Unit Of Medical Research Foundation)41/18, College Road, Nungambakkam",Tamil Nadu,,OpenGovernmentData,,,,,,,,,,,,,,,,,,,,,,,,,,,,,,,,,,,,,,,,,,,,,,,,,,
POINT (80.1846506 13.0449677),600087,hospital,hospital,,Royal Hospital - Chennai,,,,,,,Tiruvallur,"1, Jawaharlal Nehru Street, Valasarawakkam, Alwarthirunagar",Tamil Nadu,,OpenGovernmentData,,,,,,,,,,,,,,,,,,,,,,,,,,,,,,,,,,,,,,,,,,,,,,,,,,
POINT (80.1715896 13.0309126),600116,hospital,,,Viganesh Hospital,,,,,,,Kanchipuram,"36, Poothapedu Main Road, Vengadeswar Nagar, Perur",Tamil Nadu,,OpenGovernmentData,,,,,,,,,,,,,,,,,,,,,,,,,,,,,,,,,,,,,,,,,,,,,,,,,,
POINT (80.2461429 12.9640779),600096,hospital,,,Sri Lakshmi Multi Speciality Hospital Pvt Ltd,,,,,,,Kanchipuram,"5/91, Church Road, Perungudi, Near Andrew Yulex Colony, Chengalpattu",Tamil Nadu,,OpenGovernmentData,,,,,,,,,,,,,,,,,,,,,,,,,,,,,,,,,,,,,,,,,,,,,,,,,,
POINT (80.2270764 13.1135903),600082,hospital,hospital,,Dr Agarwal Eye Hospital Ltd,,,,,,,Chennai,"B-63, Siva Elango Salai (70 Feet Road), Periyar Nagar",Tamil Nadu,,OpenGovernmentData,,,,,,,,,,,,,,,,,,,,,,,,,,,,,,,,,,,,,,,,,,,,,,,,,,
POINT (80.3043053 13.1665521),600019,hospital,hospital,,Karthik Hospital,,,,,,,Tiruvallur,"No 727 To 730, T H Road, T S R Nagar,Thiruvottiyur Chennai",Tamil Nadu,,OpenGovernmentData,,,,,,,,,,,,,,,,,,,,,,,,,,,,,,,,,,,,,,,,,,,,,,,,,,
POINT (80.1749497 13.0834455),600037,hospital,hospital,,Spandana Surgical Centre,,,,,,,Tiruvallur,"Swarnapuri-Ground Floor, 6/13, J.J.Nagar West",Tamil Nadu,,OpenGovernmentData,,,,,,,,,,,,,,,,,,,,,,,,,,,,,,,,,,,,,,,,,,,,,,,,,,
POINT (80.2424652 13.0827016),600010,hospital,hospital,,Tosh Hospitals Private Limited,,,,,,,Chennai,"No.34/72, Ormes Road, Kilpauk",Tamil Nadu,,OpenGovernmentData,,,,,,,,,,,,,,,,,,,,,,,,,,,,,,,,,,,,,,,,,,,,,,,,,,
POINT (80.2366224 13.07604),600010,hospital,hospital,,Sundaram Cancer Centre,,,,,,,Chennai,"Flat1/B,Ii Floor,Old#No191,New#297,Precision Diagnostics Complex,Periyar Evr Salai(P.H.Road)Kilpauk",Tamil Nadu,,OpenGovernmentData,,,,,,,,,,,,,,,,,,,,,,,,,,,,,,,,,,,,,,,,,,,,,,,,,,
POINT (80.2040416 13.0483992),600093,hospital,hospital,,R.R. Eye Instutute and Laser Foundation,,,,,,,Chennai,"37, Arunachalam Road",Tamil Nadu,,OpenGovernmentData,,,,,,,,,,,,,,,,,,,,,,,,,,,,,,,,,,,,,,,,,,,,,,,,,,
POINT (80.2637114 13.0441485),600004,hospital,hospital,,Avm Medical Ent Research Foundation Pvt Ltd,,,,,,,Chennai,"3, P S Sivasami Salai Mylapore",Tamil Nadu,private,OpenGovernmentData,https://avmmerf.in/contact.php,Mylapore,avmmerf@sify.com;ravikv@mail.com,,,,,,,,,,,,,,,,,,,,,,,,,,,,,,,,,,,,,,,,,,,,,,,
POINT (80.2486159 13.0806801),600010,hospital,hospital,Cosmetic and Plastic Surgery; Dentistry; Dialysis,"Aditya Hospital, Chennai",,,,,,,Chennai,"7, Barnaby Road",Tamil Nadu,private,OpenGovernmentData,https://www.adityahospital.co.in/,Kilpauk,,,,,,,,,,,,,,,,,,,,,,,,,,,,,,,,,,,,,,,,,,,,,,,,
POINT (80.2371521 13.0430125),600017,hospital,hospital,,Laser and Laparascopic Hospital,,,,,,,Chennai,No.121 G.N.Chetty Road,Tamil Nadu,private,OpenGovernmentData,https://www.drashokchennai.com/,T Nagar,info@drashokchennai.com,,,,,,,,,,,,,,,,,,,,,,,,,,,,,,,,,,,,,,,,,,,,,,,
POINT (80.2528444 12.9938673),600020,hospital,hospital,,Lakshmi Maternity Hospital,,,,,,,Chennai,"New No.10, Old No.20, 3Road Avenue, Indira Nagar, Adyar",Tamil Nadu,,OpenGovernmentData,,,,,,,,,,,,,,,,,,,,,,,,,,,,,,,,,,,,,,,,,,,,,,,,,,
POINT (80.2490893 13.0790289),600010,hospital,hospital,,Kumaran Hospital Pvt.Ltd.,,,,,,,Chennai,"214, E.V.R.Periyar Salai, Poonamalee High Road, Periyar Salai",Tamil Nadu,private,OpenGovernmentData,https://kumaranhospitals.com/Index.html,Kilpauk,kumaranhospitals@hotmail.com,,,,,,,,,,,,,,,,,,,,,,,,,,,,,,,,,,,,,,,,,,,,,,,
POINT (80.1996361 13.1217887),600099,hospital,hospital,,D R J Hospital P. Ltd.,,,,,,,Tiruvallur,"No: 9, 100 Feet Road, Nehru National Highway, Kolathur",Tamil Nadu,,OpenGovernmentData,,,,,,,,2024-09-28,,,,,,,,,,,,,,,,,,,,,,,,,,,,,,,,,,,,,,,,,,
POINT (80.1619336 13.0381353),600116,hospital,,,"Dr Agarwals Eye Hospital Ltd, Chennai",,,,,,,Kanchipuram,"No 49, Aruot Road Porur Porur Chennai",Tamil Nadu,,OpenGovernmentData,,,,,,,,,,,,,,,,,,,,,,,,,,,,,,,,,,,,,,,,,,,,,,,,,,
POINT (80.2711008 13.0177957),600028,hospital,,,Apollo Specialty Hospitals Private Limited,,,,,,,Chennai,"No.41/42, 53/54, Sathyadev Avenue, Mrc Nagar",Tamil Nadu,private,OpenGovernmentData,,,,,,,,,,,,,,,,,,,,,,,,,,,,,,,,,,,,,,,,,,,,,,,,,,
POINT (80.2423476 13.0877615),600010,hospital,hospital,,Deepam Eye Hospital,,,,,,,Chennai,"72, Medavakkam Tank Road, Near Jamai Mosque",Tamil Nadu,private,OpenGovernmentData,http://www.deepameyehospital.com/,Kilpauk,deepameyehospital@gmail.com; contact@deepameyehospital.com,,,,,,,,,,,,,,,,,,,,,,,,,,,,,,,,,,,,,,,,,,,,,,,
POINT (80.2579902 13.0685338),600008,hospital,hospital,,Dr. A. Ramachandran's Diabetes Hospital,,,,,,,Chennai,"28, Marshalls Road Egmore",Tamil Nadu,,OpenGovernmentData,,,,,,,,,,,,,,,,,,,,,,,,,,,,,,,,,,,,,,,,,,,,,,,,,,
POINT (80.1822808 13.0353484),600089,hospital,,,"Srushti Hospital, Kanchipuram",,,,,,,Kanchipuram,"No.1, Padmavathy Street, Thirumalai, Ramapuram",Tamil Nadu,,OpenGovernmentData,,,,,,,,,,,,,,,,,,,,,,,,,,,,,,,,,,,,,,,,,,,,,,,,,,
POINT (80.2182426 13.0843952),600041,hospital,hospital,,Veecare Eye Hospital,,,,,,,Thiruvallur,"4/579, Chennai, 4/579 Rajiv Gandhi Salai",Tamil Nadu,,OpenGovernmentData,,Ambattur,,,,,,,,,,,,,,,,,,,,,,,,,,,,,,,,,,,,,,,,,,,,,,,,
POINT (80.2114016 12.9763914),600042,hospital,hospital,,Velachery K S Hospital,,,,,,,Chennai,"No.14, 10Th Cross Street , A.G.S.Colony, Velachery",Tamil Nadu,,OpenGovernmentData,,,,,,,,,,,,,,,,,,,,,,,,,,,,,,,,,,,,,,,,,,,,,,,,,,
POINT (80.25267 13.0790015),600084,hospital,hospital,,K.J. Hospital,,,,,,,Chennai,"New-182, Old-927, Poonamalee High Road, Flower Road",Tamil Nadu,private,OpenGovernmentData,http://kjhospital.net/kjhospital/Welcome.aspx,,kjh@rediffmail.com,,,,,,,,,yes,,,,,,,,,,,,,,,,,,,,,,,,,,,,,,,,,,,,,,
POINT (80.2336198 13.0440365),600017,hospital,hospital,,Sathya Physiotherapy Centre,,,,,,,Chennai,"24,Coats Road, T.Nagar",Tamil Nadu,,OpenGovernmentData,,,,,,,,,,,,,,,,,,,,,,,,,,,,,,,,,,,,,,,,,,,,,,,,,,
POINT (80.2469368 13.0788382),600010,hospital,hospital,,Kensington Hospital,,,,,,,Chennai,"856,Poonamallee High Road, Kilpauk",Tamil Nadu,,OpenGovernmentData,,,,,,,,,,,,,,,,,,,,,,,,,,,,,,,,,,,,,,,,,,,,,,,,,,
POINT (80.2061465 12.9925116),600088,hospital,,,Ponmalligai Hospital Pvt Ltd,,,,,,,Kanchipuram,"#1, Kakkan Nagar 1st Main Road, Adambakkam",Tamil Nadu,,OpenGovernmentData,,,,,,,,,,,,,,,,,,,,,,,,,,,,,,,,,,,,,,,,,,,,,,,,,,
POINT (80.2290894 13.0389519),600017,hospital,hospital,,Pdr Othopaedic Hospital,,,,,,,Chennai,"35, Rangan Street, Behind Grt, T.Nagar",Tamil Nadu,,OpenGovernmentData,,,,,,,,,,,,,,,,,,,,,,,,,,,,,,,,,,,,,,,,,,,,,,,,,,
POINT (80.2706811 13.0427786),600004,hospital,hospital,,E V Kalyani Medical Centre,,,,,,,Chennai,4Second Street Dr Radhakrishnan Road Mylapore,Tamil Nadu,,OpenGovernmentData,,,,,,,,,,,,,,,,,,,,,,,,,,,,,,,,,,,,,,,,,,,,,,,,,,
POINT (80.2631588 13.0269877),600028,hospital,,,Yogi Vedha Kumari Hospital,,,,,,,Chennai,"Near Central Bank (Bus Stop), Mandaveli, Devanathan St",Tamil Nadu,,OpenGovernmentData,,,,,,Chennai Zone Ix,,,,,,,,,,,,,,,,,,,,,,,,,,,,,,,,,,,,,,,,,,,,
POINT (80.2181782 12.9833895),600042,hospital,hospital,,Xcellent Care Superspeciality Hospital,,,,,,,Chennai,"7/14, 7Th Cross Street, Rajalakshmi Nagar, Velachery",Tamil Nadu,,OpenGovernmentData,,,,,,,,,,,,,,,,,,,,,,,,,,,,,,,,,,,,,,,,,,,,,,,,,,
POINT (80.2329075 13.0478465),600017,hospital,hospital,,Women and Children Foundation,,,,,,,Chennai,"4 / 1 & 4/2 , Porur Somasundaram, North Usman Road T Nagar",Tamil Nadu,,OpenGovernmentData,,,,,,,,,,,,,,,,,,,,,,,,,,,,,,,,,,,,,,,,,,,,,,,,,,
POINT (80.2541493 13.0791504),600013,hospital,hospital,,"Sudha Hospital, Chennai",,,,,,,Chennai,"51/18, Adam Sahib Street, Pumping Station Road, Roya Puram",Tamil Nadu,,OpenGovernmentData,,,,,,,,,,,,,,,,,,,,,,,,,,,,,,,,,,,,,,,,,,,,,,,,,,
POINT (80.2522811 13.0816938),600084,hospital,hospital,,V.K. Hospital,,,,,,,Chennai,"No.77, Dr. Alagappa Road, Purasawalkam",Tamil Nadu,,OpenGovernmentData,,,,,,,,,,,,,,,,,,,,,,,,,,,,,,,,,,,,,,,,,,,,,,,,,,
POINT (80.2252632 13.0838857),600102,hospital,hospital,,U.K. Hospitals Pvt. Ltd.,,,,,,,Chennai,"103/112, D- Block,1st Main Road, Annanagar East",Tamil Nadu,,OpenGovernmentData,,,,,,,,,,,,,,,,,,,,,,,,,,,,,,,,,,,,,,,,,,,,,,,,,,
POINT (80.2415402 13.0892193),600023,hospital,hospital,,"Trust Hospital, Chennai",,,,,,,Chennai,"N0 122,Medavakkam Tank Road,Ayanavaram",Tamil Nadu,,OpenGovernmentData,,,,,,,,,,,,,,,,,,,,,,,,,,,,,,,,,,,,,,,,,,,,,,,,,,
POINT (80.2076291 13.082343),600040,hospital,hospital,,Titan Eye,,,,,,,Chennai,"Road s Enterprises Pvt Limited, Franchisee Of Titan Eye Rbn Tower,Ak-2,4Th Avenue,Shanthi Colony,Annanagar",Tamil Nadu,,OpenGovernmentData,,,,,,,,,,,,,,,,,,,,,,,,,,,,,,,,,,,,,,,,,,,,,,,,,,
POINT (80.2371645 13.0332775),600017,hospital,hospital,,Sai Ortho Care Hospital,,,,,,,Chennai,"55, Sadulla Street, T.Nagar",Tamil Nadu,,OpenGovernmentData,,,,,,,,,,,,,,,,,,,,,,,,,,,,,,,,,,,,,,,,,,,,,,,,,,
POINT (80.2035199 13.0481888),600093,hospital,hospital,,Sooriya Hospital,,,,,Q52843713,,Chennai,"No.1, Near By Avm Studio, Saligramam, Arunachalam St",Tamil Nadu,,OpenGovernmentData,,,,,,Chennai Zone X,,,,,,,,,,,,,,,,,,,,,,,,,,,,,,,,,,,,,,,,,,,,
POINT (80.2410582 13.0496502),600017,hospital,hospital,,Centre For Blood Disorders,,,,,,,Chennai,"Old No.24, New 73, Habibullah Road, T.Nagar",Tamil Nadu,,OpenGovernmentData,,,,,,,Chennai,,,Habibullah Road,+91 44 2834 0668;+91 44 2834 5161,,,73,,,,,,,,,,,,,,,,,,,,,,,,,,,,,,,,,,,,
POINT (80.2803303 13.1166714),600021,hospital,hospital,,Roselin Gandhi Hospital,,,,,,,Chennai,"10/18, Arumugam Street, Old Washermenpet",Tamil Nadu,,OpenGovernmentData,,,,,,,,,,,,,,,,,,,,,,,,,,,,,,,,,,,,,,,,,,,,,,,,,,
POINT (80.2069719 13.0475826),600026,hospital,hospital,,Paterson Cancer Center / Vijaya Health Centre Premises,,,,,,,Chennai,"175, N.S.K. Salai, Vadapalani",Tamil Nadu,,OpenGovernmentData,,,,,,,,,,,,,,,,,,,,,,,,,,,,,,,,,,,,,,,,,,,,,,,,,,
POINT (80.2481343 13.0558855),600034,hospital,hospital,,Fertility Research Centre,,,,,,,Chennai,"6E, Nungambakkam High Road",Tamil Nadu,,OpenGovernmentData,,,,,,,,,,,,,,,,,,,,,,,,,,,,,,,,,,,,,,,,,,,,,,,,,,
POINT (80.2187347 13.047269),600024,hospital,hospital,,Spot Hospital,,,,,,,Chennai,"No.36, Dr. Ambedkar Road, Kodambakkam",Tamil Nadu,,OpenGovernmentData,,,,,,,,,,,,,,,,,,,,,,,,,,,,,,,,,,,,,,,,,,,,,,,,,,
POINT (80.204346 13.1184203),600049,hospital,,,B B Hospital,,,,,,,Tiruvallur,"No.52, Dayalunagar, Kolathur, Near Villirakham Railway Station",Tamil Nadu,,OpenGovernmentData,,,,,,,,,,,,,,,,,,,,,,,,,,,,,,,,,,,,,,,,,,,,,,,,,,
POINT (80.2205016 12.9758647),600042,hospital,hospital,,Appasamy Krishna Hospital and Medical Research Centre,,,,,,,Chennai,"Plot No. 191, 100 Feet By-Pass Road, Velacherry",Tamil Nadu,,OpenGovernmentData,,,,,,,,,,,,,,,,,,,,,,,,,,,,,,,,,,,,,,,,,,,,,,,,,,
POINT (80.2432201 13.0606718),600034,hospital,hospital,,"Medindia Hospitals, Chennai",,,,,,,Chennai,"83, Valluvarkottam High Road ( Village Road)",Tamil Nadu,,OpenGovernmentData,,,,,,,,,,,,,,,,,,,,,,,,,,,,,,,,,,,,,,,,,,,,,,,,,,
POINT (80.304324 13.1694824),600019,hospital,hospital,multi speciality,"Aakash Hospital, Tiruvallur",,,,,,,Tiruvallur,T H Road,Tamil Nadu,,OpenGovernmentData,,,,,,,,,,,,,,,,,,,,,,,,,,,,,,,,,,,,,,,,,,,,,,,,,,
POINT (80.2398249 13.1450072),600081,hospital,hospital,,K.M. Multi Speciality Hospital,,,,,,,Chennai,"# 8 & 9 Annai Velakanni Nagar,Madhavaram Milk Colony",Tamil Nadu,,OpenGovernmentData,,,,,,,,,,,,,,,,,,,,,,,,,,,,,,,,,,,,,,,,,,,,,,,,,,
POINT (80.293498 13.1228878),600081,hospital,hospital,,Rudhra-Chella Clinicare`N`Cure Services,,,,,,,Chennai,"599,T.H.Road, Tondiarpet",Tamil Nadu,,OpenGovernmentData,,,,,,,,,,,,,,,,,,,,,,,,,,,,,,,,,,,,,,,,,,,,,,,,,,
POINT (80.2452886 13.0781955),600010,hospital,hospital,,K.K.R. ENT Hospital and Research Institute(P) Ltd,,,,,Q30260572,,Chennai,"827, Poonamallee High Road",Tamil Nadu,private,OpenGovernmentData,https://www.kkrenthospital.org/,,enquiry@kkrenthospital.org,,,,,,,Poonamalee High Road,+91 44 2641 1444,,Mo-Su 07:00-19:00,274,,,,,,,,,,,,,,,KKR ENT Hospital,,,,,,,,,,,,,,,,,,,,,
POINT (80.1836944 13.0345893),600089,hospital,,,Roy's Heart Foundation,,,,,,,Kanchipuram,"No: 3/49, Valluvar Salai, Ramapuram",Tamil Nadu,,OpenGovernmentData,,,,,,,,,,,,,,,,,,,,,,,,,,,,,,,,,,,,,,,,,,,,,,,,,,
POINT (80.2299377 13.0503377),600024,hospital,hospital,,"Srinivasa Hospital P P N, Chennai",,,,,,,Chennai,"47, Railway Station Road, Near Post Office, Kodambakkam",Tamil Nadu,,OpenGovernmentData,,,,,,,,,,,,,,,,,,,,,,,,,,,,,,,,,,,,,,,,,,,,,,,,,,
POINT (80.2507684 13.0394065),620018,hospital,hospital,,Gastro Cre Hospital,,,,,,,Tiruchirappalli,"C,57 11Th Cross Thillai Nagar",Tamil Nadu,,OpenGovernmentData,,,,,,,,,,,,,,,,,,,,,,,,,,,,,,,,,,,,,,,,,,,,,,,,,,
POINT (80.1865241 13.0463676),600087,hospital,hospital,multi speciality,Aaditya Kamaraja Eye Hospital,,,,,,,Tiruvallur,"No.36, Ist Main Road, Alwarthirunagar Annexe, Alwarthirunagar, Chennai",Tamil Nadu,,OpenGovernmentData,,,,,,,,,,,,,,,,,,,,,,,,,,,,,,,,,,,,,,,,,,,,,,,,,,
POINT (80.2541614 12.9531897),600002,hospital,hospital,,Sahishnatha Indtitute Of Maternal And Child Health,,,,,,,Chennai,"No.2/614A,Philios Street,Neelangarai",Tamil Nadu,,OpenGovernmentData,,,,,,,,,,,,,,,,,,,,,,,,,,,,,,,,,,,,,,,,,,,,,,,,,,
POINT (80.2741693 13.0619796),600005,hospital,hospital,,Siva E N T Hospital,,,,,,,Chennai,"136 (295), Triplicane High Road",Tamil Nadu,,OpenGovernmentData,,,,,,,,,,,,,,,,,,,,,,,,,,,,,,,,,,,,,,,,,,,,,,,,,,
POINT (80.2650954 13.0476113),600014,hospital,hospital,,"Vinayagam Laser Hospital, Chennai",,,,,,,Chennai,"194, Old No 289, Lloyd's Road, Avvai Sanmugam Salai, Royapettah",Tamil Nadu,,OpenGovernmentData,,,,,,,,,,,,,,,,,,,,,,,,,,,,,,,,,,,,,,,,,,,,,,,,,,
POINT (80.2736449 13.0524884),600014,hospital,hospital,,"Dr Agarwals Eye Hospital, Triplicane",,,,,,,Chennai,"No: 290, Triplicane High Road, Triplicane",Tamil Nadu,,OpenGovernmentData,,,,,,,,,,,,,,,,,,,,,,,,,,,,,,,,,,,,,,,,,,,,,,,,,,
POINT (80.259169 13.0432085),600086,hospital,hospital,,"Dr.Agarwal's Eye Hospital Ltd., Gopala Puram",,,,Dr. Agarwal's Eye Hospital,,,Chennai,"No-19, Cathedral Road",Tamil Nadu,private,OpenGovernmentData,https://www.dragarwal.com/,Gopala Puram,dragarwal@vsnl.com,Q17052044,,,,,,,,,,,,,,,,,,,,,,,,,,,,,,,,,,,,,,,,,,,,,,
POINT (80.2013205 13.0380111),600093,hospital,hospital,,Bharani Hospital,,,,,,,Chennai,"No 22, Arcot Road, Saligramam",Tamil Nadu,,OpenGovernmentData,,,,,,,,,,,,,,,,,,,,,,,,,,,,,,,,,,,,,,,,,,,,,,,,,,
POINT (80.294082 13.1738112),600019,hospital,hospital,,Vasantha Hospital,,,,,,,Tiruvallur,"No-04, Annai Gangammal Nagar, Satiamurhu Nagar, Thiruvattiyur",Tamil Nadu,,OpenGovernmentData,,,,,,,,,,,,,,,,,,,,,,,,,,,,,,,,,,,,,,,,,,,,,,,,,,
POINT (80.2042733 13.0475131),600026,hospital,hospital,,Fortis Vadapalani Hospital,,,,,,,Chennai,"Ottagapalayam, Kannika Puram, Vadapalani, Chennai",Tamil Nadu,,OpenGovernmentData,,,,,,,,,,,,,,,,,,,,,,,,,,,,,,,,,,,,,,,,,,,,,,,,,,
POINT (80.2147555 13.0748708),636106,hospital,hospital,,Tamil Nadu Urological Research Centre Best Kidney Stone Clinic,,,,,,,Chennai,"Poonamallee High Road,Arumbakkam LandMark : Next to Chennai Ford LandMark",Tamil Nadu,,OpenGovernmentData,,,,,,,,,,,,,,,,,,,,,,,,,,,,,,,,,,,,,,,,,,,,,,,,,,
POINT (80.2636265 13.0290525),600028,hospital,hospital,,Sri Ranga Hospitals,,,,,,,Chennai,"No.06, Chokkalingam St, Jeth Nagar, Mandaveli",Tamil Nadu,,OpenGovernmentData,,,,,,,,,,,,,,,,,,,,,,,,,,,,,,,,,,,,,,,,,,,,,,,,,,
POINT (80.2446245 13.0297278),600035,hospital,hospital,,Chamiers Day Care Center,,,,,,,Chennai,"23, Pasumpon Muthuramalinga Thevar Rd, Rathna Nagar, Nandanam",Tamil Nadu,,OpenGovernmentData,,,,,,,,,,,,,,,,,,,,,,,,,,,,,,,,,,,,,,,,,,,,,,,,,,
POINT (80.2421492 12.9609724),600096,hospital,,,London Harley Street Women And Fertility Centre,,,,,,,Chennai,"12/8, Phase-1, Thirumalai Nagar, Tirumalai Nagar, Perungudi",Tamil Nadu,,OpenGovernmentData,,,,,,,,,,,,,,,,,,,,,,,,,,,,,,,,,,,,,,,,,,,,,,,,,,
POINT (80.2540981 13.003026),600020,hospital,hospital,,Gas Hospital,,,,,,,Chennai,"3/2, 3/2, Adyar 3rd St, Bakthavatchalam Nagar, Baktavatsalm Nagar, Adyar, Chennai",Tamil Nadu,,OpenGovernmentData,,,,,,,,,,,,,,,,,,,,,,,,,,,,,,,,,,,,,,,,,,,,,,,,,,
POINT (80.2423799 13.0465056),600017,hospital,hospital,,Dr.Bala Subramanian,,,,,,,Chennai,"56,(Old No.105), G.N. Chetty Road, First Floor, T.Nagar",Tamil Nadu,,OpenGovernmentData,,,,,,,,,,,,,,,,,,,,,,,,,,,,,,,,,,,,,,,,,,,,,,,,,,
POINT (80.2506039 13.1297134),0:00,hospital,hospital,,Swasthik Health Care center,,,,,,,Chennai,"Near M.R. Nagar, Bus Stop, Moolakadai, Perambur, Ist Main Road",Tamil Nadu,,OpenGovernmentData,,,,,,Chennai Zone I,,,,,,,,,,,,,,,,,,,,,,,,,,,,,,,,,,,,,,,,,,,,
POINT (80.243196 13.13468),600081,hospital,hospital,,NRV Hospital,,,,,,,Chennai,"86/A, Pandian Cinema Theatre, Kodungaiyur, Kamarajar Salai",Tamil Nadu,,OpenGovernmentData,,,,,,Chennai Zone I,,,,,,,,,,,,,,,,,,,,,,,,,,,,,,,,,,,,,,,,,,,,
POINT (80.3042862 13.1685958),600019,hospital,hospital,,Sugam Hospital,,,,,,,Thiruvallur,"Thiruvotriyur Market, Chennai, No.349,Thiruvotriyur High Road, Thiruvotriyur, Chennai- 600 019",Tamil Nadu,,OpenGovernmentData,,,,,,,,,,,,,,,,,,,,,,,,,,,,,,,,,,,,,,,,,,,,,,,,,,
POINT (80.243753 13.07832),600010,hospital,hospital,,Govt Kilpauk Medical College Hospital,,,,,,,Chennai,"822, Poonamallee High Rd, Near Ega Theatre, Kilpauk, Chennai",Tamil Nadu,,OpenGovernmentData,,,,,,Chennai Zone Xi,,,,,,,,,,,,,,,,,,,,,,,,,,,,,,,,,,,,,,,,,,,,
POINT (80.285818 13.12038),600021,hospital,hospital,,Rasi Hospital,,,,,,,Chennai,"Near Washermanpet Post Office, Oldwashermanpet, Thiruvottiyur High Road",Tamil Nadu,,OpenGovernmentData,,,,,,Chennai Zone I,,,,,,,,,,,,,,,,,,,,,,,,,,,,,,,,,,,,,,,,,,,,
POINT (80.2301988 13.0991743),600023,hospital,hospital,,Government Maternity And Child Hospital,,,,,,,Chennai,"United India Nagar, Ayanavaram",Tamil Nadu,,OpenGovernmentData,,,,,,Chennai Zone Vi,,,,,,,,,,,,,,,,,,,,,,,,,,,,,,,,,,,,,,,,,,,,
POINT (80.2461174 13.0433937),600017,hospital,hospital,,Cloudnine Hospital - Chennai,,,,,,,Chennai,"Near Hyatt Resigency Hotel, T. Nagar, Vijayaraghava Road",Tamil Nadu,,OpenGovernmentData,,,,,,Chennai Zone Ix,,,,,,,,,,,,,,,,,,,,,,,,,,,,,,,,,,,,,,,,,,,,
POINT (80.2745135 13.061988),600005,hospital,hospital,,Shifa Hospital And Reasearch Centre,,,,,,,Chennai,"Near Star Theatre, Triplicane, Quaide-Millah High Road",Tamil Nadu,,OpenGovernmentData,,,,,,Chennai Zone Ix,,,,,,,,,,,,,,,,,,,,,,,,,,,,,,,,,,,,,,,,,,,,
POINT (80.286804 13.10618),600001,hospital,hospital,,Govt. Stanley Hospital,,,,,,,Chennai,"Mint, Royapuram, Osh Road",Tamil Nadu,,OpenGovernmentData,,,,,,Chennai Zone Xi,,,,,,,,,,,,,,,,,,,,,,,,,,,,,,,,,,,,,,,,,,,,
POINT (80.1895003 13.0469783),600092,hospital,hospital,,Subam Specialities Hospitals,,,,,,,Chennai,"No. 46, (Opp) Vembulliammal Koil, Virugambakkam, Avm Avenue",Tamil Nadu,,OpenGovernmentData,,,,,,Chennai Zone X,,,,,,,,,,,,,,,,,,,,,,,,,,,,,,,,,,,,,,,,,,,,
POINT (80.1799109 13.0692631),600095,hospital,,,Srisaihospital With Matrinity Facility,,,,,,,Chennai,"No: 36, Near Dayasadan Agarwal Vidyalaya, Maduravoyal, V.G.P Amudha Nagar",Tamil Nadu,,OpenGovernmentData,,,,,,Chennai Zone Xi,,,,,,,,,,,,,,,,,,,,,,,,,,,,,,,,,,,,,,,,,,,,
POINT (80.2233851 13.1153048),600082,hospital,hospital,,Govt Peripheral Hospital Periyar Nagar,,,,,,,Chennai,"Govt.Peripheral Hospital, Periyar Nagar, Shiva Vishnu Koil, Periyar Nagar, Jaganadhan Salai",Tamil Nadu,,OpenGovernmentData,,,,,,Chennai Zone Xi,,,,,,,,,,,,,,,,,,,,,,,,,,,,,,,,,,,,,,,,,,,,
POINT (80.2453103 13.0431134),600017,hospital,hospital,,Be Well Hospital,,,,,,,Chennai,"5A, (Opp) Anjuman Hr.Sec. School, T. Nagar, Vijayaraghava Road",Tamil Nadu,,OpenGovernmentData,,,,,,Chennai Zone Ix,,,,,,,,,,,,,,,,,,,,,,,,,,,,,,,,,,,,,,,,,,,,
POINT (80.1922458 13.0508643),600092,hospital,hospital,,Hera Hospital,,,,,,,Chennai,"No.1, (Opp) To Akr Mahal, Virugambakkam, Soranmbigai Nagar",Tamil Nadu,,OpenGovernmentData,,,,,,Chennai Zone X,,,,,,,,,,,,,,,,,,,,,,,,,,,,,,,,,,,,,,,,,,,,
POINT (80.2957982 13.1129012),600013,hospital,hospital,,Government Unani Hospital,,,,,,,Chennai,"E Kal Mandapam Rd, Panaimarathotti, Pudumani Kuppam, Royapuram, Chennai",Tamil Nadu,,OpenGovernmentData,,,,,,,,,,,,,,,,,,,,,,,,,,,,,,,,,,,,,,,,,,,,,,,,,,
POINT (80.2428501 13.0586646),600034,hospital,hospital,,Meenakshi Hospital & Childrens Hospital,,,,,,,Chennai,"103-109, Near Valluvarkottam, Nungambakkam, Valluvarkottam High Road",Tamil Nadu,,OpenGovernmentData,,,,,,Chennai Zone Ix,,,,,,,,,,,,,,,,,,,,,,,,,,,,,,,,,,,,,,,,,,,,
POINT (80.175293 13.09041),600017,hospital,hospital,,Tanker Dialysis Foundation Unit,,,,,,,Thiruvallur,"Next To Kamarajar Illam, T. Nagar ,Chennai, Tamil Nadu, Ellora Apartments, Flat , 4D, 4Th Floor, 20 Tirumurthy Street",Tamil Nadu,,OpenGovernmentData,,Ambattur,,,,,,,,,,,,,,,,,,,,,,,,,,,,,,,,,,,,,,,,,,,,,,,,
POINT (80.275793 13.0616195),600005,hospital,hospital,,Hiba Hospital,,,,,,,Chennai,"New No: 53/25, Near L.V. Bank, Triplicane, Big Street",Tamil Nadu,,OpenGovernmentData,,,,,,Chennai Zone Ix,,,,,,,,,,,,,,,,,,,,,,,,,,,,,,,,,,,,,,,,,,,,
POINT (80.2735131 13.0508818),600005,hospital,hospital,,A.R.A Hospital For Women,,,,,,,Chennai,"Muthiah Street, Dr. Natesan Road, Ice House, Mirsahibpet, Royapettah",Tamil Nadu,,OpenGovernmentData,,,,,,Chennai Zone Ix,,,,,,,,,,,,,,,,,,,,,,,,,,,,,,,,,,,,,,,,,,,,
POINT (80.1954415 13.0594024),600092,hospital,,,Priyas Medical Centre,,,,,,,Chennai,"No.849, Near Parvathi Bhavan, Elango Nagar, Kaliamman Koil St",Tamil Nadu,,OpenGovernmentData,,,,,,Chennai Zone X,,,,,,,,,,,,,,,,,,,,,,,,,,,,,,,,,,,,,,,,,,,,
POINT (80.2475507 13.044837),600018,hospital,hospital,,Dr. Rai Memorial Medical Centre,,,,,,,Chennai,"No. 562, Century Plaza, Anna Salai, Teynampet, Opp.Hyatt Regency, Chennai;Century Plaza Anna Salai Teynampet",Tamil Nadu,,OpenGovernmentData,,,,,,Chennai Zone Ix,,,,,,,,,,,,,,,,,,,,,,,,,,,,,,,,,,,,,,,,,,,,
POINT (80.2275376 13.0535971),,hospital,hospital,,Medway Hospitals,,,,,,,Chennai,"Near Corporation Ground, Kodambakkam, Trustpuram 4Th Cross St",Tamil Nadu,,OpenGovernmentData,,,,,,Chennai Zone X,,,,,,,,,,,,,,,,,,,,,,,,,,,,,,,,,,,,,,,,,,,,
POINT (80.2825418 13.0993782),600001,hospital,hospital,,Seven Wells Hospital,,,,,,,Chennai,"Near Seven Wells Police Station, Seven Wells, Amman Koil Street,Chennai-1",Tamil Nadu,,OpenGovernmentData,,,,,,Chennai Zone V,,,,,,,,,,,,,,,,,,,,,,,,,,,,,,,,,,,,,,,,,,,,
POINT (80.2672078 13.068807),600002,hospital,hospital,,Government Hospital,,,,,,,Chennai,"Pudupet, Komaleeswaranpet, Egmore, Chennai",Tamil Nadu,,OpenGovernmentData,,,,,,Chennai Zone Xi,,,,,,,,,,,,,,,,,,,,,,,,,,,,,,,,,,,,,,,,,,,,
POINT (80.1898468 13.0524675),600092,hospital,hospital,,Standard Hospital,,,,,,,Chennai,"No.55, Virugambakkam, Elango Nagar Main Road",Tamil Nadu,,OpenGovernmentData,,,,,,Chennai Zone X,,,,,,,,,,,,,,,,,,,,,,,,,,,,,,,,,,,,,,,,,,,,
POINT (80.2844517 13.1142928),600021,hospital,hospital,,Chennai Corporation Hospital,,,,,,,Chennai,"Near old washermanpet post office, Royapuram, Solaiappar Street",Tamil Nadu,,OpenGovernmentData,,,,,,Chennai Zone V,,,,,,,,,,,,,,,,,,,,,,,,,,,,,,,,,,,,,,,,,,,,
POINT (80.1964532 13.0410091),600083,hospital,hospital,,Guru Raghavendra Hospital,,,,,,,Chennai,"Sector 11, K. K. Nagar, Chennai",Tamil Nadu,,OpenGovernmentData,,,,,,Chennai Zone X,,,,,,,,,,,,,,,,,,,,,,,,,,,,,,,,,,,,,,,,,,,,
POINT (80.153358 13.1126809),600050,hospital,,,Varadarajapuram Government Hospitals,,,,,,,Chennai,"Canara Bank, Varadharajapuram, Railway Station Road",Tamil Nadu,,OpenGovernmentData,,,,,,Chennai Zone Vii,,,,,,,,,,,,,,,,,,,,,,,,,,,,,,,,,,,,,,,,,,,,
POINT (80.2645448 13.0487028),600014,hospital,hospital,,Seethapathy clinic & Hospital,,,,,Q61932788,,Chennai,"128/241, (Opp) To Provident Fund Office, Royapettah",Tamil Nadu,,OpenGovernmentData,,,,,,Chennai Zone Ix,,,,,,,,,,,,,,,,,,,,,,,,,,,,,,,,,,,,,,,,,,,,
POINT (80.2489796 13.1267531),600118,hospital,hospital,,Kvt Health Speciality Hospital,,,,,,,Thiruvallur,"Near Pavithra Hospital, Chennai, Plot No 1,2,3 , Ethirajaswamy Salai, Erukkanchery",Tamil Nadu,,OpenGovernmentData,,Mathavaram,,,,Madhavaram,,,,,,,,,,,,,,,,,,,,,,,,,,,,,,,,,,,,,,,,,,,,
POINT (80.2757357 13.0572714),600005,hospital,hospital,,Sakthi Hospital &Reasearch Centre Helath Care Organization,,,,,,,Chennai,"No: 175, Near Indian Bank, Triplicane, Big Street",Tamil Nadu,,OpenGovernmentData,,,,,,Chennai Zone Ix,,,,,,,,,,,,,,,,,,,,,,,,,,,,,,,,,,,,,,,,,,,,
POINT (80.2329957 13.0480821),600017,hospital,hospital,,Women And Children Foundation Hospitals T-Nagar,,,,,,,Chennai,"No:20, Near North Usman Road Head Post Office, T. Nagar, North Usman Road",Tamil Nadu,,OpenGovernmentData,,,,,,Chennai Zone Ix,,,,,,,,,,,,,,,,,,,,,,,,,,,,,,,,,,,,,,,,,,,,
POINT (80.1927125 13.0538856),600092,hospital,hospital,,Annai multispeciality hospital,,,,,,,Chennai,"121/60, Kaliamman Koil Street, Ganapathy Raj Nagar, Virugambakkam",Tamil Nadu,,OpenGovernmentData,,,,,,Chennai Zone X,,,,,,,,,,,,,,,,,,,,,,,,,,,,,,,,,,,,,,,,,,,,
POINT (80.2139939 13.0916464),600040,hospital,hospital,,Firm Hospital,,,,,,,Thiruvallur,"No.65, Near K4 Police Station, Anna Nagar Chennai, R- Block, 12Th Street",Tamil Nadu,,OpenGovernmentData,,Ambattur,,,,,,,,,,,,,,,,,,,,,,,,,,,,,,,,,,,,,,,,,,,,,,,,
POINT (80.2195494 13.0535089),600024,hospital,hospital,,The Best Hospital Private Ltd,,,,,,,Chennai,"Near Power House, Kodambakkam, Vellala Street",Tamil Nadu,,OpenGovernmentData,,,,,,Chennai Zone Ix,,,,,,,,,,,,,,,,,,,,,,,,,,,,,,,,,,,,,,,,,,,,
POINT (80.256712 13.0887),600007,hospital,hospital,,Chennai Corporation Hospital,,,,,,,Chennai,"Purasaiwalkaam, Kariyappa Street",Tamil Nadu,,OpenGovernmentData,,,,,,Chennai Zone Vi,,,,,,,,,,,,,,,,,,,,,,,,,,,,,,,,,,,,,,,,,,,,
POINT (80.2747981 13.060986),600005,hospital,hospital,,Triplicane Government Hospital,,,,,,,Chennai,"Near V.House Bus Stop, Icce Hpuse, Dr.Bescent Road",Tamil Nadu,,OpenGovernmentData,,,,,,Chennai Zone Ix,,,,,,,,,,,,,,,,,,,,,,,,,,,,,,,,,,,,,,,,,,,,
POINT (80.1928218 13.0590564),600092,hospital,,,Government Hospital For Ladies And Children,,,,,,,Chennai,"Koyambedu Market, Virugambakkam, Natesa Nagar,5Th Main Road",Tamil Nadu,,OpenGovernmentData,,,,,,Chennai Zone X,,,,,,,,,,,,,,,,,,,,,,,,,,,,,,,,,,,,,,,,,,,,
POINT (80.2478331 13.0561828),600034,hospital,hospital,,SIMS Hospital,,,,,,,Chennai,"Tirumurthy Nagar, Nungambakkam, Chennai",Tamil Nadu,,Local Knowledge,,,,,,,,,,,,,,,,,,,,,,,,,,,,,,,,,,,,,,,,,,,,,,,,,,
POINT (80.1967559 12.9107782),606801,hospital,hospital,,Suraj Hospital,,,,,,,Tiruvannamalai,"Arani Road, Chetpet, Dharmaraja Kovil Street",Tamil Nadu,,OpenGovernmentData,,,,,,Thiruvannamalai,,,,,,,,,,,,,,,,,,,,,,,,,,,,,,,,,,,,,,,,,,,,
POINT (80.2099892 13.0319129),600083,hospital,hospital,,Sunrays Laproscopic Centre,,,,,,,Chennai,"Next To Ashok Nagar Bus Statnd, Ashok Nagar, 2Nd Avenue",Tamil Nadu,,OpenGovernmentData,,,,,,Chennai Zone X,,,,,,,,,,,,,,,,,,,,,,,,,,,,,,,,,,,,,,,,,,,,
POINT (80.169935 13.0369528),600089,hospital,,,Chinna Porur Government Hospital,,,,,,,Thiruvallur,"Hospital Rd, Sairam Avenue, Valasaravakkam, Chennai",Tamil Nadu,,OpenGovernmentData,,Ambattur,,,,,,,,,,,,,,,,,,,,,,,,,,,,,,,,,,,,,,,,,,,,,,,,
POINT (80.2511993 13.0312006),600018,hospital,hospital,,Motherhood Hospital,,,,,,,Chennai,"Alwarpet Signal, Alwerpet, T.T..K Road",Tamil Nadu,,OpenGovernmentData,,,,,,Chennai Zone Ix,,,,,,,,,,,,,,,,,,,,,,,,,,,,,,,,,,,,,,,,,,,,
POINT (80.2562121 12.9979497),600020,hospital,hospital,,"Government Hospital, Adyar",,,,,,,Chennai,"Near Adiyar Police Station, Shastri Nagar, Adyar",Tamil Nadu,,OpenGovernmentData,,,,,,Chennai Zone Xiii,,,,,,,,,,,,,,,,,,,,,,,,,,,,,,,,,,,,,,,,,,,,
POINT (80.2389389 13.0374624),600017,hospital,hospital,,Gunasekaran Hospitals Pvt.Ltd,,,,,,,Chennai,"No:1, Raj Palace Hotel (Opp), T. Nagar, Crescent Park St",Tamil Nadu,,OpenGovernmentData,,,,,,Chennai Zone X,,2025-11-21,,,,,,,,,,,,,,,,,,,,,,,,,,,,,,,,,,,,,,,,,,
POINT (80.21204 13.03968),600083,hospital,hospital,,Kumaran Specialities Hospital,,,,,,,Chennai,"No: 46, 1St Avenue, Opp To Canara Bank & Andhra Bank, Ashok Nagar, Chennai",Tamil Nadu,,OpenGovernmentData,,,,,,Chennai Zone X,,,,,,,,,,,,,,,,,,,,,,,,,,,,,,,,,,,,,,,,,,,,
POINT (80.190944 13.0374234),600078,hospital,hospital,,Arokiya hospital,,,,,,,Chennai,"32, Pillayar Koil St, Kk Nagar West, Nesapakkam",Tamil Nadu,,OpenGovernmentData,,,,,,Chennai Zone X,,,,,,,,,,,,,,,,,,,,,,,,,,,,,,,,,,,,,,,,,,,,
POINT (80.1567342 13.036525),600116,hospital,,,Parvathy Hospital,,,,,,,Chennai,"Back Side Of Hotel Grand Residence, Karapakkam",Tamil Nadu,,OpenGovernmentData,,,,,,Chennai Zone Xi,,,,,,,,,,,,,,,,,,,,,,,,,,,,,,,,,,,,,,,,,,,,
POINT (80.2465468 13.034922),600018,hospital,hospital,,Genesis Womens Hospital,,,,,,,Chennai,"Suthamal Extension, Teynampet, First Main Road",Tamil Nadu,,OpenGovernmentData,,,,,,Chennai Zone Ix,,,,,,,,,,,,,,,,,,,,,,,,,,,,,,,,,,,,,,,,,,,,
POINT (80.2398192 13.0342203),600017,hospital,hospital,,Radhatri Nethralaya,,,,,,,Chennai,"New No: 12, Old No:29, Behind Dakshina Hindi Prachara Sabha, T. Nagar, Hindi Prachara Sabha St",Tamil Nadu,,OpenGovernmentData,,,,,,Chennai Zone Ix,,,,,,,,,,,,,,,,,,,,,,,,,,,,,,,,,,,,,,,,,,,,
POINT (80.2572398 13.038362),600018,hospital,hospital,,Kavery Hospital,,,,,,,Chennai,"Cit Colony, Alwarpet",Tamil Nadu,,OpenGovernmentData,,,,,,Chennai Zone Ix,,,,,,,,,,,,,,,,,,,,,,,,,,,,,,,,,,,,,,,,,,,,
POINT (80.2261208 13.0298989),600017,hospital,hospital,,Kanamapet Government Hospital,,,,,,,Chennai,"Kannammapet, Cit Nagar, Chennai",Tamil Nadu,,OpenGovernmentData,,,,,,Chennai Zone Xiii,,,,,,,,,,,,,,,,,,,,,,,,,,,,,,,,,,,,,,,,,,,,
POINT (80.2025432 13.0048164),600016,hospital,hospital,,Government Hospital Alandur,,,,,,,Chennai,"Near Rto Office, Alandhur, Sowri Street",Tamil Nadu,,OpenGovernmentData,,,,,,Chennai Zone Xii,,,,,,,,,,,,,,,,,,,,,,,,,,,,,,,,,,,,,,,,,,,,
POINT (80.1909256 13.0313233),600078,hospital,hospital,,Janani Hospital,,,,,,,Chennai,"No.7, Mgr Statue, Amman Street, Ramapuram Main Road, Nehru Nagar, Nesapakkam",Tamil Nadu,,OpenGovernmentData,,,,,,Chennai Zone X,,,,,,,,,,,,,,,,,,,,,,,,,,,,,,,,,,,,,,,,,,,,
POINT (80.21879 13.0753606),,hospital,hospital,,,Unani sidha ayurvedha in patient block,,,,,,,,,,,,,,,,,,,,,,,,,,,,,,,,,,,,,,,,,,,,,,,,,,,,,,,,,,,,
POINT (80.1958518 12.9645886),,hospital,hospital,general,Malar Clinic,,,,Dr. Arun,,,,,,public,,,,,,,,,,,,,,,,,,no,,,,,,Child and General Physician,,,,,,,,,,,,,,,,,,,,,,,,,,,
POINT (80.301391 13.156154),600019,hospital,hospital,,Prasad Multispeciality Hospital,,,,,,,Tiruvallur,"Kaladipet, Tondiarpet, Chennai",Tamil Nadu,,Local Knowledge,,,,,,,,,,,,,,,,,,,,,,,,,,,,,,,,,,,,,,,,,,,,,,,,,,
POINT (80.2058879 13.1345397),600099,hospital,hospital,,Uma Hospital,,,,,,,Tiruvallur,"Bharathi Nagar, Lakshmipuram",Tamil Nadu,,Local Knowledge,,,,,,,,,,,,,,,,,,,,,,,,,,,,,,,,,,,,,,,,,,,,,,,,,,
POINT (80.2984201 13.1503301),600019,hospital,hospital,,Suman Hospital,,,,,,,Tiruvallur,"Rajakadai, Tiruvottiyur",Tamil Nadu,,Local Knowledge,,,,,,,,,,,,,,,,,,,,,,,,,,,,,,,,,,,,,,,,,,,,,,,,,,
POINT (80.25871 13.165259),600068,hospital,hospital,,Sankara Eye Hospital,,,,,,,Tiruvallur,"Vimlapuram, Chinnasekkadu, Manali",Tamil Nadu,,Local Knowledge,,,,,,,,,,,,,,,,,,,,,,,,,,,,,,,,,,,,,,,,,,,,,,,,,,
POINT (80.3006482 13.1537616),600019,hospital,hospital,,G S Hospital,,,,,,,Tiruvallur,"Kaladipet, Tiruvottiyur, Chennai",Tamil Nadu,,Local Knowledge,,,,,,,,,,,,,,,,,,,,,,,,,,,,,,,,,,,,,,,,,,,,,,,,,,
POINT (80.193567 13.1702776),600066,hospital,,,Md Hussain Hospital,,,,,,,Tiruvallur,"Kannappasamy Nagar, Puzhal",Tamil Nadu,,Local Knowledge,,,,,,,,,,,,,,,,,,,,,,,,,,,,,,,,,,,,,,,,,,,,,,,,,,
POINT (80.3002146 13.1521728),600019,hospital,hospital,,Esha Hospital,,,,,,,Tiruvallur,"Thyagarajapuram, Tiruvottiyur",Tamil Nadu,,Local Knowledge,,,,,,,,,,,,,,,,,,,,,,,,,,,,,,,,,,,,,,,,,,,,,,,,,,
POINT (80.2982812 13.1486276),600019,hospital,hospital,,Annai Hospital,,,,,,,Tiruvallur,"Vasantha Nagar, Rajakadai",Tamil Nadu,,Local Knowledge,,,,,,,,,,,,,,,,,,,,,,,,,,,,,,,,,,,,,,,,,,,,,,,,,,
POINT (80.2998808 13.1523333),600019,hospital,hospital,,Sekar Hospital,,,,,,,Tiruvallur,"Rajakadai, Tiruvottiyur",Tamil Nadu,,Local Knowledge,,,,,,,,,,,,,,,,,,,,,,,,,,,,,,,,,,,,,,,,,,,,,,,,,,
POINT (80.204431 13.161861),600066,hospital,,,St. Anthony's Hospital,,,,,,,Tiruvallur,Puzhal,Tamil Nadu,,Local Knowledge,,,,,,,,,,,,,,,,,,,,,,,,,,,,,,,,,,,,,,,,,,,,,,,,,,
POINT (80.184358 13.0471845),600087,hospital,hospital,,Kannimaram Hospital,,,,,,,Tiruvallur,"Alwartirunagar, Valasaravakkam, Chennai",Tamil Nadu,,Local Knowledge,,,,,,,,,,,,,,,,,,,,,,,,,,,,,,,,,,,,,,,,,,,,,,,,,,
POINT (80.1803453 13.0401817),600087,hospital,,,Vasanthi Dental Hospital,,,,,,,Tiruvallur,Valasaravakkam,Tamil Nadu,,Local Knowledge,,,,,,,,,,,,,,,,,,,,,,,,,,,,,,,,,,,,,,,,,,,,,,,,,,
POINT (80.1815603 13.0472622),625020,hospital,,,Meenakshi Mission Hospital,,,,,,,Tiruvallur,Madurai,Tamil Nadu,,Local Knowledge,,,,,,,,,,,,,,,,,,,,,,,,,,,,,,,,,,,,,,,,,,,,,,,,,,
POINT (80.1841129 13.0470409),600087,hospital,hospital,,Shanthi Hospital,,,,,,,Tiruvallur,"Alwarthirunagar, Chennai",Tamil Nadu,,Local Knowledge,,,,,,,,,,,,,,,,,,,,,,,,,,,,,,,,,,,,,,,,,,,,,,,,,,
POINT (80.216804 12.9044723),600119,hospital,hospital,,HCL Health Care,,,,,,,Chengalpattu,"Elcot Sez, Sholinganallur",Tamil Nadu,,Local Knowledge,,,,,,,,,,,,,,,,,,,,,,,,,,,,,,,,,,,,,,,,,,,,,,,,,,
POINT (80.2233057 12.8948311),600119,hospital,,,Centre For Vision and Eye Surgery,,,,,,,Chengalpattu,Sholinganallur,Tamil Nadu,,Local Knowledge,,,,,,,,,,,,,,,,,,,,,,,,,,,,,,,,,,,,,,,,,,,,,,,,,,
POINT (80.229384 12.912214),600097,hospital,hospital,,Shri Sai Children's Hospital and Dental Clinic,,,,,,,Chengalpattu,Karappakam,Tamil Nadu,,Local Knowledge,,,,,,,,,,,,,,,,,,,,,,,,,,,,,,,,,,,,,,,,,,,,,,,,,,
POINT (80.2326252 12.9319677),600097,hospital,hospital,,SV Hospital,,,,,,,Chengalpattu,Bhagat Singh Nagar,Tamil Nadu,,Local Knowledge,,,,,,,,,,,,,,,,,,,,,,,,,,,,,,,,,,,,,,,,,,,,,,,,,,
POINT (80.2381651 12.9498749),600097,hospital,,,Jayam Hospital,,,,,,,Chengalpattu,Thoraipakkam,Tamil Nadu,,Local Knowledge,,,,,,,,,,,,,,,,,,,,,,,,,,,,,,,,,,,,,,,,,,,,,,,,,,
POINT (80.2412342 12.9402236),600097,hospital,,,Dhanvantri Multi Speciality,,,,,,,Chengalpattu,Oggiyamduraipakkam,Tamil Nadu,,Local Knowledge,,,,,,,,,,,,,,,,,,,,,,,,,,,,,,,,,,,,,,,,,,,,,,,,,,
POINT (80.2286 12.9011793),600097,hospital,hospital,,Swaram Hospital and Speciality Clinic,,,,,,,Chengalpattu,Sholinganallur,Tamil Nadu,,Local Knowledge,,,,,,,,,,,,,,,,,,,,,,,,,,,,,,,,,,,,,,,,,,,,,,,,,,
POINT (80.2283278 12.9006729),600119,hospital,hospital,,KL Hospital,,,,,,,Chengalpattu,"Ezhil Nagar, Sholinganallur",Tamil Nadu,,Local Knowledge,,,,,,,,,,,,,,,,,,,,,,,,,,,,,,,,,,,,,,,,,,,,,,,,,,
POINT (80.2029589 12.9296419),600100,hospital,hospital,,Dr. Velmurugan Hospital,,,,,,,Chengalpattu,Pallikaranai,Tamil Nadu,,Local Knowledge,,,,,,,,,,,,,,,,,,,,,,,,,,,,,,,,,,,,,,,,,,,,,,,,,,
POINT (80.2041509 12.9339688),600100,hospital,hospital,,Inbam Hospital,,,,,,,Chengalpattu,"Selvam Nagar, Pallikaranai",Tamil Nadu,,Local Knowledge,,,,,,,,,,,,,,,,,,,,,,,,,,,,,,,,,,,,,,,,,,,,,,,,,,
POINT (80.200805 12.928263),600100,hospital,hospital,,Muthu Multi Speciality Hospital and Pharmacy,,,,,,,Chengalpattu,"Devi Karumariamman Nagar, Pallikaranai",Tamil Nadu,,Local Knowledge,,,,,,,,,,,,,,,,,,,,,,,,,,,,,,,,,,,,,,,,,,,,,,,,,,
POINT (80.199546 12.9280452),600100,hospital,hospital,,V Cure Hospital,,,,,,,Chengalpattu,Pallikaranai,Tamil Nadu,,Local Knowledge,,,,,,,,,,,,,,,,,,,,,,,,,,,,,,,,,,,,,,,,,,,,,,,,,,
POINT (80.2543198 12.9753651),600041,hospital,hospital,,Shakthi Hospital,,,,,,,Chengalpattu,"Valmiki Nagar, Kannappa Nagar, Thiruvanmiyur",Tamil Nadu,,Local Knowledge,,,,,,,,,,,,,,,,,,,,,,,,,,,,,,,,,,,,,,,,,,,,,,,,,,
POINT (80.2590077 12.9757686),600041,hospital,hospital,,Hale and Healthy Hospitals,,,,,,,Chengalpattu,Thiruvanmiyur,Tamil Nadu,,Local Knowledge,,,,,,,,,,,,,,,,,,,,,,,,,,,,,,,,,,,,,,,,,,,,,,,,,,
POINT (80.2030844 13.0036449),600016,hospital,hospital,,S.S. Hospital,,,,,,,Chengalpattu,Alandur,Tamil Nadu,,Local Knowledge,,,,,,,,,,,,,,,,,,,,,,,,,,,,,,,,,,,,,,,,,,,,,,,,,,
POINT (80.2033269 13.0017797),600016,hospital,hospital,,Dhanraj Hospital,,,,,,,Chengalpattu,Alandu,Tamil Nadu,,Local Knowledge,,,,,,,,,,,,,,,,,,,,,,,,,,,,,,,,,,,,,,,,,,,,,,,,,,
POINT (80.1772853 13.0164671),600116,hospital,,,Nalam Hospital,,,,,,,Chengalpattu,"Ambedkar Nagar, Manapakkam",Tamil Nadu,,Local Knowledge,,,,,,,,,,,,,,,,,,,,,,,,,,,,,,,,,,,,,,,,,,,,,,,,,,
POINT (80.2582571 12.9751423),600041,hospital,hospital,,Promed Hospital,,,,,,,Chengalpattu,"Kottivakkam, Near Tiruvanmiyur",Tamil Nadu,,Local Knowledge,,,,,,,,,,,,,,,,,,,,,,,,,,,,,,,,,,,,,,,,,,,,,,,,,,
POINT (80.2566138 12.9693629),600041,hospital,hospital,,Happy Clinic Hospital,,,,,,,Chengalpattu,Kottivakkam,Tamil Nadu,,Local Knowledge,,,,,,,,,,,,,,,,,,,,,,,,,,,,,,,,,,,,,,,,,,,,,,,,,,
POINT (80.207025 13.0027883),600016,hospital,,,Jaya Sri Hospital,,,,,,,Chengalpattu,Alandur,Tamil Nadu,,Local Knowledge,,,,,,,,,,,,,,,,,,,,,,,,,,,,,,,,,,,,,,,,,,,,,,,,,,
POINT (80.2063632 13.003406),600016,hospital,,,Kaanthi Makapperu Hospital,,,,,,,Chengalpattu,Alandur,Tamil Nadu,,Local Knowledge,,,,,,,,,,,,,,,,,,,,,,,,,,,,,,,,,,,,,,,,,,,,,,,,,,
POINT (80.2615046 12.9915347),600041,hospital,hospital,,Corporation Hospital,,,,,,,Chennai,"Radhakrishnan Nagar, Thiruvanmiyur",Tamil Nadu,,Local Knowledge,,,,,,,,,,,,,,,,,,,,,,,,,,,,,,,,,,,,,,,,,,,,,,,,,,
POINT (80.258947 12.978253),600041,hospital,hospital,,Relief Dental Hospitals,,,,,,,Chennai,Thiruvanmiyur,Tamil Nadu,,Local Knowledge,,,,,,,,,,,,,,,,,,,,,,,,,,,,,,,,,,,,,,,,,,,,,,,,,,
POINT (80.267354 13.041251),600004,hospital,hospital,,Accu Hospital,,,,,,,Chennai,"Mylapore, Chennai",Tamil Nadu,,Local Knowledge,,,,,,,,,,,,,,,,,,,,,,,,,,,,,,,,,,,,,,,,,,,,,,,,,,
POINT (80.273209 13.0512111),600014,hospital,hospital,,Kalyani Hospital,,,,,,,Chennai,"Sudandira Nagar, Royapettah",Tamil Nadu,,Local Knowledge,,,,,,,,,,,,,,,,,,,,,,,,,,,,,,,,,,,,,,,,,,,,,,,,,,
POINT (80.2581929 13.0385371),600004,hospital,hospital,,Triveni Hospital,,,,,,,Chennai,"Mylapore, Chennai",Tamil Nadu,,Local Knowledge,,,,,,,,,,,,,,,,,,,,,,,,,,,,,,,,,,,,,,,,,,,,,,,,,,
POINT (80.260187 12.986383),600041,hospital,hospital,,SMK Hospital,,,,,,,Chennai,"Kamaraj Nagar, Thiruvanmiyur",Tamil Nadu,,Local Knowledge,,,,,,,,,,,,,,,,,,,,,,,,,,,,,,,,,,,,,,,,,,,,,,,,,,
POINT (80.2624479 12.9916719),600041,hospital,hospital,,Uma Sankaran Siddha Hospital,,,,,,,Chennai,"Radhakrishnan Nagar, Thiruvanmiyur",Tamil Nadu,,Local Knowledge,,,,,,,,,,,,,,,,,,,,,,,,,,,,,,,,,,,,,,,,,,,,,,,,,,
POINT (80.2747953 13.0490602),600014,hospital,hospital,,Vasantha Hospital,,,,,,,Chennai,,Tamil Nadu,,Local Knowledge,,,,,,,,,,,,,,,,,,,,,,,,,,,,,,,,,,,,,,,,,,,,,,,,,,
POINT (80.2668731 13.0454703),600004,hospital,hospital,,Orthomed Hospital,,,,,,,Chennai,"Royapettah, Chennai",Tamil Nadu,,Local Knowledge,,,,,,,,,,,,,,,,,,,,,,,,,,,,,,,,,,,,,,,,,,,,,,,,,,
POINT (80.258796 13.0013494),600020,hospital,hospital,,Mint Hospitals,,,,,,,Chennai,"Shastri Nagar, Adyar",Tamil Nadu,,Local Knowledge,,,,,,,,,,,,,,,,,,,,,,,,,,,,,,,,,,,,,,,,,,,,,,,,,,
POINT (80.2639406 13.0436591),600004,hospital,hospital,,Saanvi Fertility Centre Urology and Stone Centre,,,,,,,Chennai,,Tamil Nadu,,Local Knowledge,,,,,,,,,,,,,,,,,,,,,,,,,,,,,,,,,,,,,,,,,,,,,,,,,,
POINT (80.2727865 13.0528771),600014,hospital,hospital,,The Crescent Hospital,,,,,,,Chennai,"Mirsahibpet, Royapettah",Tamil Nadu,,Local Knowledge,,,,,,,,,,,,,,,,,,,,,,,,,,,,,,,,,,,,,,,,,,,,,,,,,,
POINT (80.2774772 13.0546321),600005,hospital,hospital,,Syma Hospital,,,,,,,Chennai,Narayana Krishnaraja Puram,Tamil Nadu,,Local Knowledge,,,,,,,,,,,,,,,,,,,,,,,,,,,,,,,,,,,,,,,,,,,,,,,,,,
POINT (80.2756509 13.0547617),600005,hospital,hospital,,Sri Parthasarathy Hospital,,,,,,,Chennai,"Narayana Krishnaraja Puram, Triplicane",Tamil Nadu,,Local Knowledge,,,,,,,,,,,,,,,,,,,,,,,,,,,,,,,,,,,,,,,,,,,,,,,,,,
POINT (80.2599586 12.9890173),600041,hospital,hospital,,Ashwini Hospital,,,,,,,Chennai,"Kamaraj Nagar, Thiruvanmiyur",Tamil Nadu,,Local Knowledge,,,,,,,,,,,,,,,,,,,,,,,,,,,,,,,,,,,,,,,,,,,,,,,,,,
POINT (80.2068588 13.0549375),600026,hospital,hospital,,R.S. Hospital,,,,,,,Chennai,"Vadapalani, Chennai",Tamil Nadu,,Local Knowledge,,,,,,,,,,,,,,,,,,,,,,,,,,,,,,,,,,,,,,,,,,,,,,,,,,
POINT (80.192755 13.038873),600078,hospital,hospital,,Arun Vijaya Hospitals,,,,,,,Chennai,"KK Nagar West, K. K. Nagar",Tamil Nadu,,Local Knowledge,,,,,,,,,,,,,,,,,,,,,,,,,,,,,,,,,,,,,,,,,,,,,,,,,,
POINT (80.2012868 13.0553167),600093,hospital,hospital,,C.M. Hospital,,,,,,,Chennai,"Shanthi Nagar, Annamalai Colony, Chennai",Tamil Nadu,,Local Knowledge,,,,,,,,,,,,,,,,,,,,,,,,,,,,,,,,,,,,,,,,,,,,,,,,,,
POINT (80.204702 13.051996),600094,hospital,hospital,,Shali Day & Night Hospital,,,,,,,Chennai,"Vadapalani, Chennai",Tamil Nadu,,Local Knowledge,,,,,,,,,,,,,,,,,,,,,,,,,,,,,,,,,,,,,,,,,,,,,,,,,,
POINT (80.243818 13.051051),600017,hospital,hospital,,Koncept Hospitals,,,,,,,Chennai,,Tamil Nadu,,Local Knowledge,,,,,,,,,,,,,,,,,,,,,,,,,,,,,,,,,,,,,,,,,,,,,,,,,,
POINT (80.2076585 13.0520108),600026,hospital,hospital,,Diawin Multi Speciality Siddha Hospital,,,,,,,Chennai,"Vadapalani, Chennai",Tamil Nadu,,Local Knowledge,,,,,,,,,,,,,,,,,,,,,,,,,,,,,,,,,,,,,,,,,,,,,,,,,,
POINT (80.2477343 13.0554543),600034,hospital,hospital,,G G Hospital,,,,,,,Chennai,"Tirumurthy Nagar, Nungambakkam, Chennai",Tamil Nadu,,Local Knowledge,,,,,,,,,,,,,,,,,,,,,,,,,,,,,,,,,,,,,,,,,,,,,,,,,,
POINT (80.2434943 13.0616711),600034,hospital,hospital,,K R S Hospitals,,,,,,,Chennai,"Tirumurthy Nagar, Nungambakkam, Chennai",Tamil Nadu,,Local Knowledge,,,,,,,,,,,,,,,,,,,,,,,,,,,,,,,,,,,,,,,,,,,,,,,,,,
POINT (80.243704 13.0616367),600034,hospital,hospital,,Sterling Hospitals,,,,,,,Chennai,"Seetha Nagar, Nungambakkam, Chennai",Tamil Nadu,,Local Knowledge,,,,,,,,,,,,,,,,,,,,,,,,,,,,,,,,,,,,,,,,,,,,,,,,,,
POINT (80.1939117 13.0516365),600093,hospital,hospital,,Lily Shantha Hospital,,,,,,,Chennai,"Swarnambigai Nagar, Virugambakkam, Chennai",Tamil Nadu,,Local Knowledge,,,,,,,,,,,,,,,,,,,,,,,,,,,,,,,,,,,,,,,,,,,,,,,,,,
POINT (80.2459459 13.0594426),600034,hospital,hospital,,Dr. Maibbar Hospital,,,,,,,Chennai,"Tirumurthy Nagar, Nungambakkam, Chennai",Tamil Nadu,,Local Knowledge,,,,,,,,,,,,,,,,,,,,,,,,,,,,,,,,,,,,,,,,,,,,,,,,,,
POINT (80.1991968 13.0539266),600093,hospital,hospital,,Swastik Hospital,,,,,,,Chennai,"Annamalai Colony, Chennai",Tamil Nadu,,Local Knowledge,,,,,,,,,,,,,,,,,,,,,,,,,,,,,,,,,,,,,,,,,,,,,,,,,,
POINT (80.1899425 13.0526943),600092,hospital,hospital,,Standard Hospital,,,,,,,Chennai,"Virugambakkam, Chennai",Tamil Nadu,,Local Knowledge,,,,,,,,,,,,,,,,,,,,,,,,,,,,,,,,,,,,,,,,,,,,,,,,,,
POINT (80.191781 13.0527721),600092,hospital,hospital,,MM Hospital,,,,,,,Chennai,"Virugambakkam, Chennai",Tamil Nadu,,Local Knowledge,,,,,,,,,,,,,,,,,,,,,,,,,,,,,,,,,,,,,,,,,,,,,,,,,,
POINT (80.2031882 13.0514652),600113,hospital,hospital,,Arun Hospital,,,,,,,Chennai,"Bharathi Nagar, Taramani, Chennai",Tamil Nadu,,Local Knowledge,,,,,,,,,,,,,,,,,,,,,,,,,,,,,,,,,,,,,,,,,,,,,,,,,,
POINT (80.1989274 13.0538214),600093,hospital,hospital,,Krishna Geetham Vaidyasala,,,,,,,Chennai,"Virugambakkam, Chennai",Tamil Nadu,,Local Knowledge,,,,,,,,,,,,,,,,,,,,,,,,,,,,,,,,,,,,,,,,,,,,,,,,,,
POINT (80.2522439 13.0802093),600084,hospital,hospital,,Agm Hospital,,,,,,,Chennai,Chennai,Tamil Nadu,,Local Knowledge,,,,,,,,,,,,,,,,,,,,,,,,,,,,,,,,,,,,,,,,,,,,,,,,,,
POINT (80.2416011 13.0886474),600010,hospital,hospital,,Dr. Sambandam Eye Hospital,,,,,,,Chennai,"Sanyasipuram, Kilpauk, Chennai",Tamil Nadu,,Local Knowledge,,,,,,,,,,,,,,,,,,,,,,,,,,,,,,,,,,,,,,,,,,,,,,,,,,
POINT (80.2709938 13.0828855),600003,hospital,hospital,,Sugumar Hospital,,,,,,,Chennai,,Tamil Nadu,,Local Knowledge,,,,,,,,,,,,,,,,,,,,,,,,,,,,,,,,,,,,,,,,,,,,,,,,,,
POINT (80.2418555 13.0888843),600010,hospital,hospital,,Ranjith Hospital,,,,,,,Chennai,"Kilpauk, Chennai",Tamil Nadu,,Local Knowledge,,,,,,,,,,,,,,,,,,,,,,,,,,,,,,,,,,,,,,,,,,,,,,,,,,
POINT (80.2421491 13.0704319),600031,hospital,hospital,,Mythili Hospitals,,,,,,,Chennai,"Chetpet, Chennai",Tamil Nadu,,Local Knowledge,,,,,,,,,,,,,,,,,,,,,,,,,,,,,,,,,,,,,,,,,,,,,,,,,,
POINT (80.2537976 13.0746638),600008,hospital,hospital,,Santosham Chest Hospital,,,,,,,Chennai,"Egmore, Chennai",Tamil Nadu,,Local Knowledge,,,,,,,,,,,,,,,,,,,,,,,,,,,,,,,,,,,,,,,,,,,,,,,,,,
POINT (80.2622655 13.0715459),600002,hospital,hospital,,Tune 32 Hospital,,,,,,,Chennai,"Komaleeswaranpet, Egmore, Chennai",Tamil Nadu,,Local Knowledge,,,,,,,,,,,,,,,,,,,,,,,,,,,,,,,,,,,,,,,,,,,,,,,,,,
POINT (80.2450769 13.0771575),600031,hospital,hospital,,Pandalai Hospital,,,,,,,Chennai,"Chetpet, Chennai",Tamil Nadu,,Local Knowledge,,,,,,,,,,,,,,,,,,,,,,,,,,,,,,,,,,,,,,,,,,,,,,,,,,
POINT (80.2540859 13.0786423),600084,hospital,hospital,,Centre For Gastro Esophageal Disorders,,,,,,,Chennai,Chennai,Tamil Nadu,,Local Knowledge,,,,,,,,,,,,,,,,,,,,,,,,,,,,,,,,,,,,,,,,,,,,,,,,,,
POINT (80.2340062 13.0807479),600010,hospital,hospital,,Be Well Hospital,,,,,,,Chennai,"Kilpauk, Chennai",Tamil Nadu,,Local Knowledge,,,,,,,,,,,,,,,,,,,,,,,,,,,,,,,,,,,,,,,,,,,,,,,,,,
POINT (80.2506114 13.0812406),600084,hospital,hospital,,Puttur Kattu Hospital,,,,,,,Chennai,"Purasaiwakkam, Chennai",Tamil Nadu,,Local Knowledge,,,,,,,,,,,,,,,,,,,,,,,,,,,,,,,,,,,,,,,,,,,,,,,,,,
POINT (80.2669979 13.0849581),600003,hospital,hospital,,An-Noor Eye Hospital,,,,,,,Chennai,"Periyamet, Chennai",Tamil Nadu,,Local Knowledge,,,,,,,,,,,,,,,,,,,,,,,,,,,,,,,,,,,,,,,,,,,,,,,,,,
POINT (80.2473996 13.0793874),600031,hospital,hospital,,Herbzalive Ayurveda Hospital,,,,,,,Chennai,"Kilpauk, Chennai",Tamil Nadu,,Local Knowledge,,,,,,,,,,,,,,,,,,,,,,,,,,,,,,,,,,,,,,,,,,,,,,,,,,
POINT (80.2705905 13.0826737),600003,hospital,hospital,,Meta Hospital,,,,,,,Chennai,Chennai,Tamil Nadu,,Local Knowledge,,,,,,,,,,,,,,,,,,,,,,,,,,,,,,,,,,,,,,,,,,,,,,,,,,
POINT (80.2268354 13.0737332),600029,hospital,hospital,,Dr. H. Yogish Hospital,,,,,,,Chennai,"Shenoy Nagar, Aminjikarai, Chennai",Tamil Nadu,,Local Knowledge,,,,,,,,,,,,,,,,,,,,,,,,,,,,,,,,,,,,,,,,,,,,,,,,,,
POINT (80.2625981 13.0713435),600008,hospital,hospital,,Neuro Hospital,,,,,,,Chennai,"Egmore, Chennai",Tamil Nadu,,Local Knowledge,,,,,,,,,,,,,,,,,,,,,,,,,,,,,,,,,,,,,,,,,,,,,,,,,,
POINT (80.234299 13.0833684),600010,hospital,hospital,,Murugan Hospitals,,,,,,,Chennai,"Kilpauk, Chennai",Tamil Nadu,,Local Knowledge,,,,,,,,,,,,,,,,,,,,,,,,,,,,,,,,,,,,,,,,,,,,,,,,,,
POINT (80.2520834 13.0811868),600084,hospital,hospital,,Amrit Hospital,,,,,,,Chennai,"Purasaiwakkam, Chennai",Tamil Nadu,,Local Knowledge,,,,,,,,,,,,,,,,,,,,,,,,,,,,,,,,,,,,,,,,,,,,,,,,,,
POINT (80.260048 13.071832),600008,hospital,hospital,,Mercury Hospital,,,,,,,Chennai,"Egmore, Chennai",Tamil Nadu,,Local Knowledge,,,,,,,,,,,,,,,,,,,,,,,,,,,,,,,,,,,,,,,,,,,,,,,,,,
POINT (80.2699983 13.0850158),600007,hospital,hospital,,Naz Unani Hospital,,,,,,,Chennai,"Poongavanapuram, Chennai",Tamil Nadu,,Local Knowledge,,,,,,,,,,,,,,,,,,,,,,,,,,,,,,,,,,,,,,,,,,,,,,,,,,
POINT (80.2694819 13.0761303),641301,hospital,hospital,,S.K. Selvam Hospital,,,,,,,Chennai,"Chintadripet, Chennai",Tamil Nadu,,Local Knowledge,,,,,,,,,,,,,,,,,,,,,,,,,,,,,,,,,,,,,,,,,,,,,,,,,,
POINT (80.2710331 13.0825738),600003,hospital,hospital,,Apollo Hospital,,,,,,,Chennai,"Periyamet, Chennai",Tamil Nadu,,Local Knowledge,,,,,,,,,,,,,,,,,,,,,,,,,,,,,,,,,,,,,,,,,,,,,,,,,,
POINT (80.2553965 13.0813334),600084,hospital,hospital,,Kola Saraswathi Agarwal Samaj Health Centre,,,,,,,Chennai,"Purasaiwakkam, Chennai",Tamil Nadu,,Local Knowledge,,,,,,,,,,,,,,,,,,,,,,,,,,,,,,,,,,,,,,,,,,,,,,,,,,
POINT (80.2454945 13.0844036),600010,hospital,hospital,,Demo Hospital,,,,,,,Chennai,"Kilpauk, Chennai",Tamil Nadu,,Local Knowledge,,,,,,,,,,,,,,,,,,,,,,,,,,,,,,,,,,,,,,,,,,,,,,,,,,
POINT (80.2290477 13.0793157),600030,hospital,hospital,,Gremaltes Hospital,,,,,,,Chennai,"Venkatasamy Nagar, Shenoy Nagar, Chennai",Tamil Nadu,,Local Knowledge,,,,,,,,,,,,,,,,,,,,,,,,,,,,,,,,,,,,,,,,,,,,,,,,,,
POINT (80.2333756 13.0814203),600030,hospital,hospital,,Srl Hospital,,,,,,,Chennai,"Thandavaraya, Kilpauk, Chennai",Tamil Nadu,,Local Knowledge,,,,,,,,,,,,,,,,,,,,,,,,,,,,,,,,,,,,,,,,,,,,,,,,,,
POINT (80.2620778 13.0811497),600007,hospital,hospital,,Periyar Maniammai Hospital,,,,,,,Chennai,"Vepery, Chennai",Tamil Nadu,,Local Knowledge,,,,,,,,,,,,,,,,,,,,,,,,,,,,,,,,,,,,,,,,,,,,,,,,,,
POINT (80.267569 13.074301),600002,hospital,hospital,,Red Cross Hospital,,,,,,,Chennai,"Chintadripet, Chennai",Tamil Nadu,,Local Knowledge,,,,,,,,,,,,,,,,,,,,,,,,,,,,,,,,,,,,,,,,,,,,,,,,,,
POINT (80.2339377 13.0768584),600031,hospital,hospital,,Ponmalligai Hospitals,,,,,,,Chennai,"Alagappa Nagar, Adambakkam, Chennai",Tamil Nadu,,Local Knowledge,,,,,,,,,,,,,,,,,,,,,,,,,,,,,,,,,,,,,,,,,,,,,,,,,,
POINT (80.2236766 13.1216771),600082,hospital,hospital,,V S Hospital,,,,,,,Chennai,"Santhi Nagar, Kolathur, Chennai",Tamil Nadu,,Local Knowledge,,,,,,,,,,,,,,,,,,,,,,,,,,,,,,,,,,,,,,,,,,,,,,,,,,
POINT (80.2454243 13.1160443),600039,hospital,hospital,,Iyyappa Multi Speciality Hospitals,,,,,,,Chennai,"Perambur, Chennai",Tamil Nadu,,Local Knowledge,,,,,,,,,,,,,,,,,,,,,,,,,,,,,,,,,,,,,,,,,,,,,,,,,,
POINT (80.2394367 13.113594),600011,hospital,hospital,,GK Hospital,,,,,,,Chennai,"Perambur, Chennai",Tamil Nadu,,Local Knowledge,,,,,,,,,,,,,,,,,,,,,,,,,,,,,,,,,,,,,,,,,,,,,,,,,,
POINT (80.2457851 13.1155627),600039,hospital,hospital,,Dr. Kleela Hospital,,,,,,,Chennai,"Chinnaiyan Colony, Perambur, Chennai",Tamil Nadu,,Local Knowledge,,,,,,,,,,,,,,,,,,,,,,,,,,,,,,,,,,,,,,,,,,,,,,,,,,
POINT (80.2172747 13.1297562),600099,hospital,hospital,,Bluemed Healthcare,,,,,,,Chennai,Kolathur,Tamil Nadu,,Local Knowledge,,,,,,,,,,,,,,,,,,,,,,,,,,,,,,,,,,,,,,,,,,,,,,,,,,
POINT (80.2243993 13.1204837),600082,hospital,hospital,,St. Joseph Cluny Hospital,,,,,,,Chennai,"Perambur, Chennai",Tamil Nadu,,Local Knowledge,,,,,,,,2024-08-11,,,,,,,,,,,,,,,,,,,,,,,,,,,,,,,,,,,,,,,,,,
POINT (80.2418486 13.1102652),600011,hospital,hospital,,Dr. A C Aruldas Hospital,,,,,,,Chennai,"Perambur, Chennai",Tamil Nadu,,Local Knowledge,,,,,,,,,,,,,,,,,,,,,,,,,,,,,,,,,,,,,,,,,,,,,,,,,,
POINT (80.216941 13.1300779),600099,hospital,hospital,,Bharathiraja Hospitals,,,,,,,Chennai,Ponniammanmedu,Tamil Nadu,,Local Knowledge,,,,,,,,,,,,,,,,,,,,,,,,,,,,,,,,,,,,,,,,,,,,,,,,,,
POINT (80.2160951 13.1222839),600099,hospital,hospital,,Kolathur Multi Speciality and Research Centre,,,,,,,Chennai,"Kaveri Nagar, Kolathur, Chennai",Tamil Nadu,,Local Knowledge,,,,,,,,,,,,,,,,,,,,,,,,,,,,,,,,,,,,,,,,,,,,,,,,,,
POINT (80.2258076 13.1185),600082,hospital,hospital,,Arul Childs Hospital,,,,,,,Chennai,"Perambur, Chennai",Tamil Nadu,,Local Knowledge,,,,,,,,,,,,,,,,,,,,,,,,,,,,,,,,,,,,,,,,,,,,,,,,,,
POINT (80.2159086 13.129071),600099,hospital,hospital,,KCK Hospital,,,,,,,Chennai,Ponniammanmedu,Tamil Nadu,,Local Knowledge,,,,,,,,,,,,,,,,,,,,,,,,,,,,,,,,,,,,,,,,,,,,,,,,,,
POINT (80.2236309 13.121994),600099,hospital,hospital,,Sugar Hospital,,,,,,,Chennai,"Kolathur, Chennai",Tamil Nadu,,Local Knowledge,,,,,,,,,,,,,,,,,,,,,,,,,,,,,,,,,,,,,,,,,,,,,,,,,,
POINT (80.214109 13.129869),600099,hospital,hospital,,Retteri Kumaran Hospital,,,,,,,Chennai,Kolathur,Tamil Nadu,,Local Knowledge,,,,,,,,,,,,,,,,,,,,,,,,,,,,,,,,,,,,,,,,,,,,,,,,,,
POINT (80.2312849 13.1093369),600082,hospital,hospital,,Government Hospital,,,,,,,Chennai,"Perambur, Chennai",Tamil Nadu,,Local Knowledge,,,,,,,,,,,,,,,,,,,,,,,,,,,,,,,,,,,,,,,,,,,,,,,,,,
POINT (80.2152624 13.129327),600099,hospital,hospital,,K.H.M. Hospital,,,,,,,Chennai,"Kolathur, Villivakkam",Tamil Nadu,,Local Knowledge,,,,,,,,,,,,,,,,,,,,,,,,,,,,,,,,,,,,,,,,,,,,,,,,,,
POINT (80.2404022 13.1131038),600011,hospital,hospital,,Sankar Eye Hospital,,,,,,,Chennai,"Perambur, Chennai",Tamil Nadu,,Local Knowledge,,,,,,,,,,,,,,,,,,,,,,,,,,,,,,,,,,,,,,,,,,,,,,,,,,
POINT (80.2244516 13.1101477),600082,hospital,hospital,,Niranjana Hospital,,,,,,,Chennai,"Perambur, Chennai",Tamil Nadu,,Local Knowledge,,,,,,,,,,,,,,,,,,,,,,,,,,,,,,,,,,,,,,,,,,,,,,,,,,
POINT (80.2441515 13.1148422),600039,hospital,hospital,,Parvatham Hospital,,,,,,,Chennai,"Perambur, Chennai",Tamil Nadu,,Local Knowledge,,,,,,,,,,,,,,,,,,,,,,,,,,,,,,,,,,,,,,,,,,,,,,,,,,
POINT (80.2192658 13.1263043),600099,hospital,hospital,,U.S. Hospital,,,,,,,Chennai,"Balakumaran Nagar, Kolathur",Tamil Nadu,,Local Knowledge,,,,,,,,,,,,,,,,,,,,,,,,,,,,,,,,,,,,,,,,,,,,,,,,,,
POINT (80.2374461 13.1106227),600011,hospital,hospital,,Bharani Hospital,,,,,,,Chennai,"Amrithammal Colony, Perambur, Chennai",Tamil Nadu,,Local Knowledge,,,,,,,,,,,,,,,,,,,,,,,,,,,,,,,,,,,,,,,,,,,,,,,,,,
POINT (80.2606286 13.1183857),,hospital,hospital,,,Nalam marithuvamanai,,,,,,,,,,,,,,,,,,,,,,,,,,,,,,,,,,,,,,,,,,,,,,,,,,,,,,,,,,,,
POINT (80.2013389 13.0371216),,hospital,hospital,,K.M. Nursing Home,,,,,,,,,,,,,,,,,,,,,"1/459, 31st St, Sector 6, K. K. Nagar, Chennai, Tamil Nadu 600078",044 4353 0015,,24/7,,,,,,,,,,,,,,,,,,,,,,,,,,,,,,,,,,,,,
POINT (80.1941708 13.0117736),,hospital,hospital,,Military Hospital,,,,,,,,,,,,,,,,,,,,,"Mount Poonamalle High Rd, Seven Wells, St.Thomas Mount, Tamil Nadu 600016",,,24/7,,,,,,,,,,,,,,,,,,,,,,,,,,,,,,,,,,,,,
POINT (80.2036274 13.0487242),,hospital,hospital,,உழைப்பாளி மருத்துவமனை,Uzhaippali hospital,,,,,,,,,,,,,,,,,,,,Arunachalam St,,,Mo-Sa 09:00-21:00,,,,,,,,,,,,,,,,,,,,,,,,,,,,,,,,,,,,,
POINT (80.212368 13.026029),,hospital,hospital,,KS Bone and Joint Clinic - Ortho,,,,,,,,,,,,https://www.ksboneandjointortho.in/,,,,,,,,,"B 50, Gangai Amman Koil St, Jawahar Nagar, West Jafferkhanpet, Chennai, Tamil Nadu 600083",98842 83582,,"Mo-Sa 10:00-13:00, 17:00-21:00; Su 10:00-13:00",,,,,,,,,,,,,,,,,,,,,,,,,,,,,,,,,,,,,
POINT (80.2103124 13.0318828),,hospital,hospital,,Shens Multi-Speciality Hospital,,,,,,,,,,,,https://shens.in/,,,,,,,,,"40, 11th Ave, Mettuppalayam, Ashok Nagar, Chennai, Tamil Nadu 600083",044 2471 5000,,24/7,,,,,,,,,,,,,,,,,,,,,,,,,,,,,,,,,,,,,
POINT (80.2489789 12.9120483),,hospital,,,Sanjeevani Ayurvedic Hospital,,,,,,,,,,,,,,,,,,,,,Gangai Amman Kovil Street,9500071332,,,1/341,,,,,,,,,Sanjeevani Ayurvedic Hospital,,,,,,,,,,,,,,,,,,,,,,,,,,,
POINT (80.2214698 12.9784544),600042,hospital,hospital,,Prashanth Hospitals,,,,,,,,,,,,https://prashanthhospitals.org,,info@prashanthhospitals.org,,,,Chennai,,,Velachery Main Road,+91 44 2243 9494;+91 44 4680 5544;+91 82962 63415,,,36,,,,,,,,,,,,,,,,,,,,,,,,,,,,,,,,,,,,
POINT (80.1619363 13.0381458),,hospital,hospital,,,,,,,,,,,,,,,,,,,,,,,,,,,,,,,,,,,,,,,,,,,,,,,,,,,,,,,,,,,,,,,
POINT (80.2407095 13.0439323),,hospital,hospital,,Geri care hospital,,,,,,,,,,,,,,,,,,,,,,,,,,,,,,,,,,,,,,,,,,,,,,,,,,,,,,,,,,,,,
POINT (80.2014392 13.1266701),,hospital,hospital,,Shreyas hospital,,,,,,,,,,,,,,,,,,,,,,,,,,,,,,,,,,,,,,,,,,,,,,,,,,,,,,,,,,,,,
POINT (80.2126037 13.1180276),600099,hospital,hospital,gynaecology,Women And Children Foundation Hospital,,,,Women And Children Foundation Limited,,,,,,private,,http://www.wcfkolathur.in/,,wcfkolathur@gmail.com,,,,,,,Poompuhar Nagar 1st Main Road,"04425508210, 8939957777, 8939917777",,24/7,1279 B,,,,,,,,,"Gynecology hospital, all things pregnancy related.",,,,,,WCF Hospital Kolathur,,8939957777,,,,,,,,,,,,,,,,,,,
POINT (80.1982422 13.0972767),,hospital,,,Frame of Mind - SCARF Psychiatric Hospital,,,,,,,,,,,,https://www.scarfindia.org/,,info@scarfindia.org; communications@scarfindia.org,,,,,,,"N Main Rd, Kailash Colony, Sector A, Anna Nagar West Extension, Chennai, Tamil Nadu 600101",+919150587361;04426151073; 04426153971,,"Mo, We-Sa 09:30-13:30",R/7a,,,,,,,,,"A mental health centre and nonprofit organization based at Chennai, Tamil Nadu, offering a multidisciplinary, comprehensive range of psychiatric care and rehabilitation services",,,,,,,,,"schizophrenia, psychiatry",,,,,,,,,,,,,,,,,,
POINT (80.2146876 13.040756),600083,hospital,hospital,,Vasantha Memorial Cancer Centre,,,,,,,,,,,,,,,,,,Chennai,,,"35th Street, Opp JFA Showroom, Ashok Nagar",+91 9791048379,,,No. 33,,,,,,,,,,,,,,,,,,,,,,,,,,,,,,,,,,,,
POINT (80.2130458 13.084556),,hospital,hospital,,KHM,,,,,,,,,,,,,,,,,,,,,,,,,,,,,,,,,,,,,,,,,,,,,,,,,,,,,,,,,,,,,
POINT (80.1797716 13.0856699),,hospital,hospital,,Dr. Vijay's Hospital,,,,,,,,,,,,,,,,,,,2025-07-22,,,,,,,,,,,,,,,,,,,,,,,,,,,,,,,,,,,,,,,,,,
POINT (80.1697458 13.0868727),,hospital,,,SMF,Sundaram Medical Foundation Dr. Rangarajan Memorial Hospital,,,,,,,,,,,,,,,,,,,,1st Avenue,,,,,,,,,,,,,,,,,,,,,,,,,,,,,,,,,,,,,,,,
POINT (80.2513405 12.9569147),,hospital,hospital,,Jananam fertility centre,,,,,,,,,,,,,,,,,,,,,"Kazura Garden, 1st Street",,,,22/10 11,,,,,,,,,,,,,,,,,,,,,,,,,,,,,,,,,,,,
POINT (80.2233736 12.8705153),,hospital,hospital,,Dental College & Hospital,,,,,,,,,,,,,,,,,,,,,,,,,,,,no,,,,,,,,,,,,,,,,https://college4u.in/wp-content/uploads/2017/04/SAT.jpg,,,,,,,,,,,,,,,,,
POINT (80.2631177 13.081276),,hospital,hospital,,"Commissioner of Police office, Greater chennai Police",,,,,,,,,,,,,,,,,,,,,,,,,,,,,,,,,,,,,,,,,,,,,,,,,,,,,,,,,,,,,
POINT (80.2588062 13.0920988),,hospital,hospital,,,,,,,,,,,,,,,,,,,,,,,,,,,,,,,,,,,,,,,,,,,,,,,,,,,,,,,,,,,,,,,
POINT (80.2013573 12.9831959),600088,hospital,hospital,dermatovenereology,Dr Bala's Skin clinic,,,,Dr Balakumatan,,,chennai,,,private,,,,,,,,chennai,,,Vanalar Street,,,,14,,,,,,,,,,,,,,,,,,,,,,,,,,,,,,,,,,,,
POINT (80.1871116 12.9809491),,hospital,hospital,,,,,,,,,,,,,,,,,,,,,,,,,,,,,,,,,,,,,,,,,,,,,,,,,,,,,,,,,,,,,,,
POINT (80.2157688 13.1363242),,hospital,hospital,,Meridian Hospitals,,,,,,,,,,,,,,,,,,,2025-02-12,,,,,,,,,,,,,,,,,,,,,,,,,,,,,,,,,,,,,,,,,,
POINT (80.2377389 13.1396018),,hospital,hospital,,St Anthony's Hospital,,,,,,,,,,,,,,,,,,,2025-02-12,,,,,,,,,,,,,,,,,,,,,,,,,,,,,,,,,,,,,,,,,,
POINT (80.2400853 13.1002212),,hospital,,,Vadivelu Hospital,,,,,,,,,,,,,,,,,,,,,,,,,,,,,,,,,,,,,,,,,,,,,,,,,,,,,,,,,,,,,
POINT (80.2504829 13.0064894),,hospital,hospital,,Iswarya Fertility Center,,,,,,,,,,,,,,,,,,,,,,,,,,,,,,,,,,,,,,,,,,,,,,,,,,,,,,,,,,,,,
POINT (80.2343492 12.9810842),,hospital,,,Good Shepard hospital,,,,,,,,,,,,,,,,,,,,,Taramani Link Road,,,24/7,,,,,,,,,,,,,,,,,,,,,,,,,,,,,,,,,,,,,
POINT (80.2661437 13.2035123),600103,hospital,hospital,orthopaedics;dermatology;haematology;emergency;dental_oral_maxillo_facial_surgery;surgery;gastroenterology;urology;neurology;paediatrics;gynaecology;physiotherapy;radiology;pathology;dialysis;plastic_surgery;nephrology;allergology;infectious_diseases;inte,RMS Ropheka Multi Speciality Hospitals,,,,,,,Avadi,,,,,https://www.rophekahospitals.in,,info@rophekahospitals.in,,,,Chennai,,,Vichoor - Echanguli Road,,yes,24/7,16,,,yes,,,,,,,,,yes,yes,,,,,,,+919570017001,yes,yes,,,,,,,,,,,,,,
POINT (80.1832531 13.0275517),600089,hospital,,,Palaniappa Hospital,,,,,,,,,,,,,,,,,,,,,Valluvar Salai,,,,,,,,,,,,,,,,,,,,,,,,,,,,,,,,,,,,,,,,
POINT (80.2033854 12.9316216),,hospital,,,Deepam Medfirst Hospital,,,,,,,,,,,,,,,,,,,,,,,,,,,,,,,,,,,,,,,,,,,,,,,,,,,,,,,,,,,,,
"MULTIPOLYGON (((80.2639994 13.0533552, 80.2641367 13.0537649, 80.2652268 13.0536646, 80.2651409 13.052887, 80.2639651 13.0529957, 80.2639994 13.0533552)), ((80.264564 13.0551626, 80.264628 13.0554575, 80.2658877 13.0553786, 80.2657074 13.054208, 80.2654981 13.054201, 80.2654671 13.0538402, 80.2646088 13.0539238, 80.2646345 13.0542415, 80.2645469 13.0542494, 80.2645496 13.0547329, 80.2644809 13.0547671, 80.264564 13.0551626)))",600014,hospital,hospital,,Royapettah Government Hospital,,,,,Q14956845,en:Government Royapettah Hospital,Chennai,"Royapettah Police Station, Royapettah, Ammaiappan Lane",Tamil Nadu,,,,,,,,Chennai Zone Ix,,,,,,,,,,,,,,,,,,,,,,,,,,,,,,,,,,,,,,,,,,,,multipolygon
"POLYGON ((80.2788347 13.0799587, 80.2764642 13.0797927, 80.2761253 13.07981, 80.2759068 13.0798355, 80.2759178 13.0799018, 80.2758597 13.0799127, 80.2757167 13.0799395, 80.2756832 13.0799458, 80.2755195 13.0799558, 80.2754546 13.0799752, 80.275328 13.081213, 80.2753964 13.0813463, 80.2755452 13.0814678, 80.276002 13.0815346, 80.2763168 13.0816816, 80.2780073 13.0818852, 80.2781363 13.0819126, 80.2791442 13.0820017, 80.2791987 13.0814117, 80.2793287 13.0800024, 80.2788347 13.0799587))",600003,hospital,hospital,,Rajiv Gandhi Government General Hospital,,Q4593,ராஜீவ் காந்தி அரசு பொது மருத்துவமனை,,Q5588842,"en:Government General Hospital, Chennai",Chennai,"General Hospital Road, Central Railway Station, Park Town",Tamil Nadu,government,OpenGovernmentData,https://www.mmc.tn.gov.in/,,dchsub@yahoo.co.in,,,Chennai Zone Xi,,,"Category:Government General Hospital, Chennai",,,,24/7,,,,,,,,,,,,04425305711;04425305000,,,,,,,,,,,,9436120190,राजीव गाँधी सरकार जनरल अस्पताल,രാജീവ് ഗാന്ധി സർക്കാർ ജനറൽ ആശുപത്രി,,,,,,,,,,,
"POLYGON ((80.2826741 13.1053702, 80.2823031 13.105483, 80.2815609 13.1055975, 80.2816001 13.10597, 80.2816419 13.1062375, 80.2815103 13.10623, 80.2822081 13.1078008, 80.2827799 13.1077908, 80.2827871 13.1077491, 80.2830454 13.1077445, 80.283039 13.1077973, 80.2833499 13.1077944, 80.2836353 13.1077746, 80.2836793 13.1078828, 80.2836687 13.108232, 80.2841284 13.1080689, 80.2845106 13.107981, 80.2855608 13.1075515, 80.2861159 13.10728, 80.2861162 13.1066006, 80.2864409 13.1053681, 80.2866813 13.1049083, 80.2867352 13.1046675, 80.2867801 13.1046084, 80.286696 13.1045421, 80.2851878 13.105017, 80.2826741 13.1053702))",,hospital,hospital,,Stanley Medical College and Hospital,,Q5539480,ஸ்டான்லி மருத்துவக் கல்லூரி,,,,,,,,,,,,,,,,,,,,,,,,,,,,,,,,,,,,,,,,,,,,,,,,,,,,,,,,,,
"POLYGON ((80.2397078 13.0040368, 80.2389762 13.0043431, 80.2392002 13.005289, 80.2396983 13.0067952, 80.2404107 13.0066617, 80.2400846 13.0049544, 80.2397078 13.0040368))",,hospital,hospital,,,,,,,,,,,,,,,,,,,,,,,,,,,,,,,,,,,,,,,,,,,,,,,,,,,,,,,,,,,,,,,
"POLYGON ((80.255116 12.9928553, 80.2550215 12.9928582, 80.2550198 12.9928027, 80.2549327 12.9928054, 80.2549177 12.9923158, 80.2549864 12.9923138, 80.2549821 12.9921717, 80.2549133 12.9921737, 80.2549043 12.99188, 80.2550607 12.9918751, 80.2550621 12.9919207, 80.2550872 12.99192, 80.2550916 12.9920617, 80.2550681 12.9920624, 80.255069 12.9920904, 80.2550924 12.9920898, 80.255116 12.9928553))",600020,hospital,hospital,,Tt Ranganathan Clinical Research Foundation,,,,,,,Chennai,"17,Iv Main Road,Indira Nagar",Tamil Nadu,,OpenGovernmentData,,,,,,,,,,,,,,,,,,,,,,,,,,,,,,,,,,,,,,,,hospital,,,,,,,,,,
"POLYGON ((80.2561934 12.994073, 80.2583655 12.9941283, 80.2580356 12.9920327, 80.2568853 12.9920711, 80.2568853 12.992239, 80.2561948 12.9922576, 80.2561934 12.994073))",600041,hospital,hospital,,IMPCOPS Traditional Hospital,,,,,,,Chennai,"34-37, Kalki Krishnamurthy Salai",Tamil Nadu,private,OpenGovernmentData,https://impcops.org/,Thiruvanmiyur,contact@impcops.org,,,,,,,,,,,,,,,,,,,,,,,,,,,,,,,,,,,,,,,,,,,,,,,
"POLYGON ((80.2609107 13.0695663, 80.2595376 13.0695043, 80.2589498 13.0701887, 80.2594852 13.0705366, 80.2597807 13.0706576, 80.2601866 13.0707796, 80.2602221 13.0709084, 80.2603733 13.0709426, 80.2610161 13.0709312, 80.2609107 13.0695663))",,hospital,hospital,ophthalmology,Egmore Eye Hospital,,,,,Q7309083,"en:Regional Institute of Ophthalmology and Government Ophthalmic Hospital, Chennai",,,,,,,,,,,,,,,,,,,,,,,,,,,,,,,,,,,,,,,,,,,,,,Regional Institute of Ophthalmology and Government Ophthalmic Hospital,,,,,,,,,
"POLYGON ((80.238318 13.0961311, 80.2381461 13.0943707, 80.2399052 13.0941376, 80.2410644 13.093984, 80.2413965 13.0954832, 80.239328 13.0957421, 80.2393393 13.0960142, 80.238845 13.096083, 80.238318 13.0961311))",,hospital,hospital,,ESI Hospital,,,,Employees' State Insurance,,,,,,,,,,,Q3595726,hi:कर्मचारी राज्‍य बीमा निगम,,,,,,,,,,,,,,,,,,,,,,,,,,,,,,,,,,,,,ESI,,,,,,,,
"POLYGON ((80.2927358 13.130072, 80.2942918 13.1298169, 80.2936487 13.1273607, 80.2926359 13.1276951, 80.2907494 13.1279485, 80.2907687 13.1281962, 80.2910523 13.1288653, 80.2916574 13.1286981, 80.2917604 13.128999, 80.2924213 13.1288653, 80.2927358 13.130072))",600081,hospital,hospital,,Communicable Diseases Hospital,,,,,,,Chennai,"Tiruvottiyur Road, Tondiarpet, Chennai",Tamil Nadu,,OpenGovernmentData,,,,,,,,,,,,,,,,,,,,,,,,,,,,,,,,,,,,,,,,,,,hospital,,,,,,,
"POLYGON ((80.2620475 13.0374124, 80.2620903 13.0377526, 80.2615657 13.0378214, 80.2616044 13.0392332, 80.2621409 13.0393953, 80.2622032 13.0394195, 80.2624353 13.0394894, 80.2624309 13.039021, 80.2627216 13.0390082, 80.2629292 13.0389935, 80.262901 13.0385867, 80.2626954 13.0386137, 80.2626774 13.0383403, 80.2621884 13.0383791, 80.2621827 13.0378235, 80.2621481 13.0374298, 80.2620816 13.0374141, 80.2620475 13.0374124))",600004,hospital,hospital,,புனித இஸ்பேல் மருத்துவமனை,St. Isabel's Hospital,,,,,,Chennai,"Near Vivekananda College, Myloapore, Oliver Road",Tamil Nadu,,OpenGovernmentData,,,,,,,,,,,,,,,,,,,,Mylapore,,,,,,,,,,,,,,,,,,,,,,,,,,,,,,
"POLYGON ((80.2823377 13.1052653, 80.2832474 13.1051523, 80.2834415 13.1051272, 80.2835535 13.1051102, 80.2842077 13.1050002, 80.2840312 13.104007, 80.2841368 13.1039904, 80.2839326 13.1031681, 80.2833066 13.1032632, 80.2833524 13.1034394, 80.2832785 13.1034654, 80.283228 13.1034837, 80.2831569 13.1035087, 80.2832772 13.1042231, 80.2826667 13.1043144, 80.2827057 13.1044846, 80.2821824 13.1046015, 80.2823377 13.1052653))",,hospital,hospital,,Stanley Medical College and Hospital,,Q5539480,,,,,,,,,,,,,,,,,,,,,,,,,,,,,,,,,,,,,,,,,,,,,,,,,,,,,,,,,,,
"POLYGON ((80.2472306 13.0972284, 80.2468404 13.0985294, 80.244508 13.0986867, 80.2441703 13.0971518, 80.2462851 13.0969214, 80.2472306 13.0972284))",,hospital,hospital,,,,,,,,,,,,,,,,,,,,,,,,,,,,,,,,,,,,,,,,,,,,,,,,,,,,,,,,,,,,,,,
"POLYGON ((80.2138413 13.1008133, 80.2131756 13.099355, 80.2140747 13.0989693, 80.2145741 13.1005152, 80.2138413 13.1008133))",,hospital,hospital,,ICF Hospital,,,,,,,,,,,,,,,,,,,,,,,,,,,,,,,,,,,,,,,,,,,,,,,,,,,,,,,,,,,,,
"POLYGON ((80.2205955 13.0945646, 80.2187831 13.0950952, 80.219226 13.0963249, 80.2206464 13.095839, 80.2205955 13.0945646))",600102,hospital,hospital,,Anna Nagar Government Hospital,,,,,,,Chennai,"3rd Avenue Anna Nagar, Kilpauk",Tamil Nadu,,OpenGovernmentData,,,,,,,,,,,,,,,,,,,,,,,,,,,,,,,,,,,,,,,,,,,,,,,,,,
"POLYGON ((80.2410644 13.093984, 80.2408605 13.0925942, 80.2396911 13.0926882, 80.2399052 13.0941376, 80.2410644 13.093984))",,hospital,hospital,,,,,,,,,,,,,,,,,,,,,,,,,,,,,,,,,,,,,,,,,,,,,,,,,,,,,,,,,,,,,,,
"POLYGON ((80.2181854 13.0755329, 80.2182223 13.0753327, 80.2183355 13.0752045, 80.218587 13.0750722, 80.219468 13.0749283, 80.2195343 13.0755654, 80.219666 13.0768317, 80.2195086 13.0770471, 80.2194089 13.0772279, 80.2193061 13.0775078, 80.2192788 13.077815, 80.2193534 13.0780073, 80.2195548 13.0782496, 80.2194553 13.0783953, 80.2192523 13.0786249, 80.2180171 13.0795596, 80.2178843 13.0795908, 80.2178797 13.079521, 80.217922 13.079287, 80.2179246 13.0789948, 80.2179954 13.0786569, 80.218068 13.0783067, 80.2181804 13.0775839, 80.2182754 13.0766971, 80.2181839 13.076118, 80.2181854 13.0755329))",,hospital,hospital,,"அறிஞர் அண்ணா அரசு இந்திய,மருத்துவமனை,அரும்பாக்கம்,சென்னை-106",Aringar anna goverment indian medicine hospital arumbakkam chennai,Q138765,,,,,,,,,,,,,,,,,,,Anna Arch Road,,,Mo-Su 07:30-12:00,,,,,,,,,,,,,,,,,,,,,,,,,,,,,,Hospital,,,,,,,
"POLYGON ((80.2064654 13.0326935, 80.2081334 13.0324429, 80.2082083 13.032777, 80.2083782 13.0335347, 80.2095996 13.0333198, 80.2098525 13.0350182, 80.2081602 13.0352675, 80.2070818 13.0354242, 80.2060932 13.035569, 80.20602 13.0350754, 80.2058285 13.0337838, 80.2066161 13.0336651, 80.2064654 13.0326935))",600083,hospital,hospital,,Govt Peripheral Hospital KK Nagar,,,,,,,Chennai,"Anna Main Rd, Bharathidasan Colony, West Jafferkhanpet, Chennai",Tamil Nadu,,OpenGovernmentData,,,,,,Chennai Zone Xi,,,,,,,,,,,,,,,,,,,,,,,,,,,,,,,,,,,,,,,,,,,,
"POLYGON ((80.2600077 12.9714366, 80.2595768 12.9697751, 80.2602286 12.9695957, 80.2606555 12.9712879, 80.2600077 12.9714366))",,hospital,hospital,,Ayurveda Hospital,,,,,,,,,,,,,,,,,,,,,,,,,,,,,,,,,,,,,,,,,,,,,,,,,,,,,,,,,,,,,
"POLYGON ((80.2451264 12.9628992, 80.2452832 12.9634505, 80.2457187 12.9633686, 80.2463534 12.9632493, 80.2460453 12.9626644, 80.2451264 12.9628992))",,hospital,,,Apollo Hospital,,,,,,,,,,,,,,,,,,,,,,,,,,,,yes,,,,,,,,,,,,,,,,,,,,,,,,,,,,,,,,,
"POLYGON ((80.2362064 13.0697068, 80.2364532 13.0696916, 80.2364532 13.0694403, 80.2361903 13.0694565, 80.2362064 13.0697068))",600031,hospital,hospital,,Prashanth Hospitals,,,,,,,Chennai,"Chetpet, No.77, Harrington Road",Tamil Nadu,private,OpenGovernmentData,https://pfrcivf.com/,,info@pfrcivf.com,,,,,,,,,,,,,,yes,,,,,,,,,,,,,,,,,,,,,,,,,,,,,,,,,
"POLYGON ((80.1412118 13.1264423, 80.1412489 13.1262905, 80.1419023 13.1256903, 80.14285 13.125071, 80.1438849 13.1243945, 80.1441359 13.1242408, 80.1442774 13.124154, 80.1444714 13.1241718, 80.1447446 13.1241852, 80.1460427 13.1242486, 80.1463945 13.1242658, 80.1463648 13.1245333, 80.1460084 13.1245478, 80.1460073 13.1246794, 80.1460058 13.1248728, 80.146001 13.1254589, 80.1463824 13.1254734, 80.1465727 13.1254806, 80.1465875 13.1257192, 80.1465136 13.1257306, 80.1464274 13.1257443, 80.1463574 13.1257554, 80.1464465 13.1265869, 80.1454921 13.1266004, 80.1454218 13.1266014, 80.1453847 13.1262109, 80.1452997 13.1261975, 80.1447817 13.1261159, 80.1444769 13.1260679, 80.1444506 13.1262724, 80.1433795 13.1262673, 80.1423295 13.1262366, 80.1417204 13.1263236, 80.1412118 13.1264423))",,hospital,hospital,,Sir Ivan Stedford Hospital,,Q15971168,,,Q7527346,en:Sir Ivan Stedeford Hospital,,,,,,https://stedefordhospital.org/,,,,,,,,,,,,,,,,,,,,,,,,,,,,,,,,,,,,,,,,,,,,,,,,,
"POLYGON ((80.2571559 13.0393631, 80.2570349 13.0393786, 80.2569596 13.0389417, 80.2571974 13.0389642, 80.2572463 13.0389904, 80.2573123 13.0391142, 80.2572573 13.0391297, 80.2573596 13.0392797, 80.2572597 13.0393452, 80.2571559 13.0393631))",600018,hospital,hospital,,Udhi Eye Hospitals,,,,,,,Chennai,"No. 9, Murrays Gate Road, Alwarpet,Next To Jevnampet Post Office",Tamil Nadu,,OpenGovernmentData,,,,,,,,,,,,,,,,,,,,,,,,,,,,,,,,,,,,,,,,,,,,,,,,,,
"POLYGON ((80.2558262 13.0458546, 80.2559311 13.046188, 80.2556219 13.0462866, 80.2555097 13.0459335, 80.2558262 13.0458546))",,hospital,hospital,,Agarwal Eye Hospital,,,,,,,,,,,,,,,,,,,,,,,,,,,,,,,,,,,,,,,,,,,,,,,,,,,,,,,,,,,,,
"POLYGON ((80.2562825 13.0448831, 80.256323 13.0446339, 80.2562825 13.0445783, 80.2560431 13.0445308, 80.256001 13.0448454, 80.2562825 13.0448831))",600018,hospital,hospital,,Aswene Soundarya Hospital,,,,,,,Chennai,"24, Kasturi Rangan Road,Near Hotel Citola Sheraton, Teynampet",Tamil Nadu,,OpenGovernmentData,,,,,,,,,,,,,,,,,,,,,,,,,,,,,,,,,,,,,,,,,,,,,,,,,,
"POLYGON ((80.2512538 13.0096801, 80.251565 13.0096605, 80.2517828 13.0099244, 80.2512646 13.0099623, 80.2512538 13.0096801))",,hospital,hospital,,Global Hospitals,,,,,,,,,,,,,,,,,,,,,,,,,,,,,,,,,,,,,,,,,,,,,,,,,,,,,,,,,,,,,
"POLYGON ((80.2878109 13.1087512, 80.2880658 13.1095967, 80.2881689 13.1098281, 80.2894188 13.1094646, 80.289358 13.1091814, 80.2896271 13.1091307, 80.2895316 13.1083065, 80.2878109 13.1087512))",600013,hospital,hospital,,Government Rsrm Lying Hospital,,,,,,,Chennai,"Near Virax Textile, East Cementry Road, East Cementry Road,Ch-21",Tamil Nadu,,OpenGovernmentData,,,,,,Chennai Zone Xi,,,,,,,,,,,,,,,,,,,,,,,,,,,,,,,,,,,,,,,,,,,,
"POLYGON ((80.239154 13.0135188, 80.2394549 13.0134825, 80.2394925 13.0137784, 80.2394222 13.0137869, 80.2394032 13.0136382, 80.2393509 13.0136446, 80.2393589 13.0137076, 80.2393012 13.0137146, 80.2392948 13.0136645, 80.2392689 13.0136676, 80.2392715 13.0136883, 80.239177 13.0136997, 80.239154 13.0135188))",,hospital,hospital,,Health Centre,,,,,,,,,,,,,,,,,,,,,,,,,,,,,,,,,,,,,,,,,,,,,,,,,,,yes,,,,,,,,,,
"POLYGON ((80.2571464 13.0362086, 80.2574055 13.0361798, 80.2573828 13.0359858, 80.2571237 13.0360146, 80.2571464 13.0362086))",600018,hospital,hospital,,Apollo Clinic & Pharmacy,,,,,,,Chennai,"12, C P Ramasamy Road, Alwarpet",Tamil Nadu,,OpenGovernmentData,,,,,,,,,,,,,,,,,,,,,,,,,,,,,,,,,,,,,,,,yes,,,,,,,,,,
"POLYGON ((80.2579921 13.038689, 80.2580149 13.0386696, 80.2580462 13.0384531, 80.2576888 13.0384268, 80.2576888 13.0386848, 80.2579921 13.038689))",,hospital,hospital,,Trinity Acute Care,,,,,,,,,,,,,,,,,,,,,,,,,,,,,,,,,,,,,,,,,,,,,,,,,,,,,,,,,,,,,
"POLYGON ((80.2480056 13.0663823, 80.248078 13.0676504, 80.2481437 13.0677433, 80.2482982 13.0678042, 80.2507917 13.0673865, 80.2506884 13.0668162, 80.2506492 13.0666592, 80.2505893 13.066419, 80.2505496 13.0662887, 80.2503969 13.0657879, 80.2480056 13.0663823))",,hospital,hospital,,Sankara Nethralaya,,,,,Q7418640,en:Sankara Nethralaya,,,,,,,,,,,,,,Category:Sankara Nethralaya,,,,,,,,,,,,,,,,,,,,,,,,,,,,,,,,,,,,,,,,,
"POLYGON ((80.2520975 13.0635179, 80.2522313 13.0628424, 80.2519299 13.0625135, 80.2515981 13.0626884, 80.2511611 13.0628226, 80.2508058 13.0629317, 80.2513536 13.0637261, 80.2520975 13.0635179))",,hospital,hospital,,Apollo Hospital,,,,,,,,,,,,,,,,,,,,,,,,,,,,,,,,,,,,,,,,,,,,,,,,,,,,,,,,,,,,,
"POLYGON ((80.2734934 13.0434718, 80.2714519 13.0438889, 80.2713099 13.0430971, 80.2733652 13.0427725, 80.2734934 13.0434718))",600004,hospital,hospital,,CSI Kalyani Hospital,,,,,,,Chennai,"# 15, Dr. Radhakrishnan Salai, Mylapore",Tamil Nadu,,OpenGovernmentData,https://www.csikalyanihospital.com/,,csikalyanihospital@rocketmail.com,,,,,,,Dr Radhakrishnan Salai,,,,,,,,,,,,,,,,,,,,,,,,,,,,,,,,,,,,,,,,
"POLYGON ((80.2704737 13.0421441, 80.2704737 13.0425538, 80.2713876 13.0426011, 80.2714065 13.0423857, 80.2708754 13.0420942, 80.2704737 13.0421441))",,hospital,hospital,,EV Kalyani Hospital,,,,,,,,,,,,,,,,,,,,,,,,,,,,,,,,,,,,,,,,,,,,,,,,,,,,,,,,,,,,,
"POLYGON ((80.2777949 13.0607312, 80.2794647 13.0604232, 80.2790826 13.060007, 80.2790179 13.0598547, 80.2787914 13.0580793, 80.2774649 13.0582631, 80.2773894 13.0583367, 80.2773894 13.0584627, 80.2777949 13.0607312))",600005,hospital,hospital,,Kasturibai Gandhi Hospital,,Q264908,கஸ்தூர்பா காந்தி மருத்துவமனை,,,,Chennai,"Triplicane, Victoria Hostel Road",Tamil Nadu,,OpenGovernmentData,,,,,,,,,,,,,,,,,,,,,,,,,,,,,,,,,,,,,,,,,,,,,,,,,,
"POLYGON ((80.280994 13.0523474, 80.2807473 13.0523986, 80.2802174 13.0525176, 80.2805003 13.05316, 80.2810606 13.0529424, 80.280994 13.0523474))",,hospital,hospital,,,,,,,,,,,,,,,,,,,,,,,,,,,,,,,,,,,,,,,,,,,,,,,,,,,,,,,,,,,,,,,
"POLYGON ((80.2481032 13.0068365, 80.2483031 13.0068356, 80.2483636 13.0069224, 80.248827 13.0105701, 80.2488859 13.0112512, 80.2483251 13.0112771, 80.2482789 13.0107982, 80.2482768 13.0107759, 80.2481892 13.0084967, 80.2481032 13.0068365))",600020,hospital,,,Cancer Hospital,,,,,,,Chennai,"No.18, East Canal Bank Road, Gandhi Nagar",Tamil Nadu,,OpenGovernmentData,http://cancerinstitutewia.in/CIWIA/,Adyar,,,,,,,,,,,,,,,,,,,,,,,,,,,,,,,,,,,,,,,,,,,,,,,,
"POLYGON ((80.2237605 13.0201297, 80.2236506 13.0206874, 80.224354 13.0207857, 80.2244395 13.0202051, 80.2237605 13.0201297))",600015,hospital,hospital,,சைதாப்பேட்டை அரசு மருத்துவமனை,"Government Hospital, Saidapet",,,,,,Kancheepuram,"Saidapet Sdh, Saidapet",Tamil Nadu,,OpenGovernmentData,,,,,,,,,,Jeenis Road,,,,,,,yes,,,,,,,,,,,,,,,,,,,,,,,,,,,,,,,,,
"POLYGON ((80.2587927 13.0185523, 80.2588263 13.0170173, 80.2592164 13.0169898, 80.2591789 13.0167534, 80.2598155 13.0167431, 80.2606142 13.017843, 80.2609755 13.0184055, 80.260983 13.0184889, 80.2608675 13.0186087, 80.2595564 13.018576, 80.2587927 13.0185523))",600028,hospital,hospital,,ஆந்திர மாநில சபா,Andhra Mahila Sabha,,,,,,Chennai,"No 11, 12, Dr Durgabai Deshmukh Road,R. A .Puram",Tamil Nadu,,OpenGovernmentData,,,,,,,,,,,,,,,,,,,,,,,,,,,,,Durgabai Deshmukh General Hospital and Research Centre,,,,,,,,,,,,,,,,,,,,,
"POLYGON ((80.2402438 13.0715631, 80.2415269 13.0714851, 80.2414828 13.0715739, 80.2408611 13.0724648, 80.2407322 13.0724958, 80.2402603 13.0720469, 80.2402438 13.0715631))",600031,hospital,hospital,,Mehta Hospital,,,,,,,Chennai,"No.2 (E), Mcnichols Road, 3 Lane, Chetpet",Tamil Nadu,,OpenGovernmentData,,,,,,,,,,,,,,,,,,,,,,,,,,,,,,,,,,,,,,,,,,,,,,,,,,
"POLYGON ((80.2755515 13.0973527, 80.2754923 13.0969749, 80.2753037 13.0969749, 80.2753145 13.0973859, 80.2755515 13.0973527))",,hospital,hospital,,Corporation Baby Hospital,,,,,,,,,,,,,,,,,,,,,,,,,,,,,,,,,,,,,,,,,,,,,,,,,,,,,,,,,,,,,
"POLYGON ((80.2901682 13.1174597, 80.2900992 13.1178656, 80.2899667 13.1179113, 80.2902345 13.1186774, 80.2912436 13.118507, 80.2916835 13.1184328, 80.2916642 13.1183253, 80.2920396 13.1182554, 80.2918988 13.1176828, 80.2911425 13.1178199, 80.2910176 13.1172559, 80.2909907 13.1171344, 80.2902262 13.1173979, 80.2901682 13.1174597))",600 021,hospital,hospital,,C.S.I. Rainy Multi Speciality Hospital,,,,,,,Chennai,"NO 45, GA Road, Old Washermanpet",Tamil Nadu,private,OpenGovernmentData,https://csirainyhospital.com/,,adminoffice@csirainyhospital.com; Contact@csirainyhospital.com,,,,,,,,,,,,,,,,,,,,,,,,,,,,,,,,,,,,,,,,,,,,,,,
"POLYGON ((80.2866652 13.1257043, 80.2876215 13.1254726, 80.2878245 13.1260961, 80.2857439 13.1265827, 80.2855605 13.1257578, 80.2862343 13.125612, 80.2862632 13.1257727, 80.2866652 13.1257043))",600081,hospital,hospital,,Government Peripheral Hospital,,,,,,,Chennai,"Tondiarpet, New Washermenpet, Tondiarpet, Kailasam",Tamil Nadu,,OpenGovernmentData,,,,,,,,,,,,,,,,,,,,,,,,,,,,,,,,,,,,,,,,,,,,,,,,,,
"POLYGON ((80.2908908 13.1264004, 80.2913131 13.1262929, 80.2916567 13.1273963, 80.2913675 13.1274773, 80.2908351 13.1276263, 80.2907863 13.126866, 80.2908233 13.1265885, 80.2908908 13.1264004))",,hospital,hospital,,ESI,,,,Employees' State Insurance,,,,,,,,,,,Q3595726,hi:कर्मचारी राज्‍य बीमा निगम,,,,,,,,,,,,,,,,,,,,,,,,,,,,,,,,,,,,,ESI,,,,,,,,
"POLYGON ((80.2747669 13.0686549, 80.2749589 13.0690566, 80.2746371 13.069272, 80.2750246 13.0698351, 80.2753441 13.0696154, 80.275607 13.0699708, 80.2756686 13.0699211, 80.2760979 13.0705318, 80.276014 13.0705885, 80.2749874 13.0713181, 80.2748144 13.0711674, 80.2748305 13.0710759, 80.2747814 13.0710435, 80.2746737 13.070942, 80.2745005 13.0709218, 80.2743986 13.0708303, 80.2743606 13.0707474, 80.2741027 13.0705121, 80.2725196 13.069303, 80.2727178 13.0690925, 80.2724831 13.0688647, 80.2722014 13.0686019, 80.2722156 13.0683836, 80.2722771 13.0682054, 80.2725931 13.0678786, 80.2731205 13.0674323, 80.273251 13.067664, 80.2730903 13.0677852, 80.273148 13.0678551, 80.2733351 13.0678419, 80.27383 13.0685207, 80.2740526 13.0683979, 80.2741277 13.0684867, 80.2743959 13.0683143, 80.2746722 13.0687036, 80.2747669 13.0686549))",,hospital,hospital,,Tamil Nadu Government Multi Super Speciality Hospital,,,தமிழ்நாடு அரசு பன்னோக்கு உயர் சிறப்பு மருத்துவமனை,,Q7681366,en:Tamil Nadu Government Multi Super Speciality Hospital,,,,,,https://tngmssh.tn.gov.in/,,,,,,,,,,,,Mo-Su 10:00-14:00,,,,yes,,,,,,,,,,,,,,,,,,,,,,,,,,,TNGMSSH,,,,,,
"POLYGON ((80.2568375 13.0271936, 80.2568397 13.027507, 80.256668 13.0275081, 80.2566659 13.0271948, 80.2568375 13.0271936))",600028,hospital,hospital,,Billroth Hospital,,,,,,,Chennai,"52, 2Nd Main Road, R.A. Puram, Trustpakkam, Raja Annamalai Puram",Tamil Nadu,private,OpenGovernmentData,https://www.billrothhospitals.com/,Rajaannamalaipuram,,,,Chennai Zone Ix,,,,,,,,,,,yes,,,,,,,,,,,,,,,,,,,,,,,,,,,,,,,,,
"POLYGON ((80.2587339 13.010424, 80.2587281 13.0103202, 80.2587121 13.010303, 80.2586966 13.0103036, 80.2586949 13.0102417, 80.2587147 13.0102254, 80.2589286 13.0102206, 80.2589259 13.0101597, 80.2589187 13.0099407, 80.2589176 13.009897, 80.2584864 13.0098993, 80.2584897 13.0101595, 80.2584562 13.010192, 80.2582684 13.0101938, 80.2581998 13.0101944, 80.2581996 13.0103209, 80.2581995 13.010378, 80.2587339 13.010424))",,hospital,hospital,,Fortis Malar Hospital,,,,,Q5472672,en:Fortis Malar Hospital,,,,,,,,,,,,,,,,,,,,,,,,,,,,,,,,,,,,,,,,,,,,,,,,,,ஃபோர்டிஸ் மலர் மருத்துவமனை சென்னை,,,,,
"POLYGON ((80.1882459 12.9775414, 80.1884332 12.9775289, 80.1884063 12.9772356, 80.1882325 12.9772853, 80.1882459 12.9775414))",,hospital,hospital,,Gowri Nursing Home,,,,,,,,,,,,,,,,,,Chennai,,,100ft Road,,,,,,,,,,,,,,,,,,,,,,,,,,,,,,,,,,,,,,,,
"POLYGON ((80.218451 13.0921495, 80.2186817 13.0921391, 80.218675 13.0920241, 80.2184443 13.0920293, 80.218451 13.0921495))",,hospital,hospital,,Vasan Dental Care,,,,,,,,,,,,,,,,,,,,,,,,,,,,,,,,,,,,,,,,,,,,,,,,,,,yes,,,,,,,,,,
"POLYGON ((80.259928 13.0745735, 80.2597069 13.0745967, 80.2590958 13.0746543, 80.2591056 13.0750155, 80.2586684 13.0750079, 80.2591166 13.0744848, 80.2594119 13.0741702, 80.2599197 13.0737938, 80.2599219 13.0741386, 80.259928 13.0745735))",600008,hospital,hospital,,Police Hospital,,,,,,,Chennai,"Egmore, Chennai",Tamil Nadu,,Local Knowledge,,,,,,,,,,,,,,,,,,,,,,,,,,,,,,,,,,,,,,,,,,,,,,,,,,
"POLYGON ((80.2460783 13.0576539, 80.2460992 13.0570733, 80.245818 13.0570292, 80.2457535 13.0570554, 80.2456957 13.0576558, 80.2460783 13.0576539))",600034,hospital,hospital,,The Child Trust Medical Research Foundation,,,,,,,Chennai,"12-A, Nageswara Road, Nungambakkam",Tamil Nadu,,OpenGovernmentData,,,,,,,,,,,,,,,,,,,,,,,,,,,,,,,,,,,,,,,,,,,,,,,,,,
"POLYGON ((80.2596464 13.0917944, 80.2597572 13.0923128, 80.2598031 13.0927049, 80.2592736 13.0927812, 80.2592115 13.0922444, 80.2589035 13.092268, 80.2588683 13.0918838, 80.2596464 13.0917944))",,hospital,hospital,,,,,,,,,,,,,,,,,,,,,,,,,,,,,,,,,,,,,,,,,,,,,,,,,,,,,,,,,,,,,,,
"POLYGON ((80.2243573 13.020804, 80.2243027 13.0209979, 80.2239115 13.0209604, 80.2239355 13.0207485, 80.2243573 13.020804))",600015,hospital,hospital,,Chennai Corporation 24 Hours Maternity Hospital,,,,,,,,,,,,,,,,,,Chennai,,,Jeenis Road,,,,,,,yes,,,,,,,,,,,,,,,,,,,,,,,yes,,,,,,,,,,
"POLYGON ((80.2449928 13.0338024, 80.2449418 13.0333843, 80.2453388 13.0333556, 80.2453951 13.0338625, 80.245328 13.0338677, 80.2453066 13.0339252, 80.2452556 13.0339252, 80.2451456 13.0339383, 80.2451269 13.0338886, 80.2450786 13.0338651, 80.2450276 13.033873, 80.2449928 13.0338024))",600035,hospital,hospital,,Apollo Speciality Hospital - Block A,,,,Apollo Hospitals,,,,,,,,,,,Q4780321,en:Apollo Hospitals,,Chennai,,,Anna Salai (Mount Road),,,,"320, Padma Complex",,,yes,,,,,,,,,,,,,,,,,,,,,,,,,,,,,,,,,
"POLYGON ((80.2454796 13.0337057, 80.2454689 13.0336038, 80.2454474 13.0336064, 80.2454474 13.0335307, 80.2458149 13.0335124, 80.245831 13.0336901, 80.2457264 13.0336953, 80.245721 13.0337214, 80.2454796 13.0337057))",,hospital,hospital,,Apollo Speciality Hospital - Block B,,,,,,,,,,,,,,,,,,,,,,,,,,,,no,,,,,,,,,,,,,,,,,,,,,,,,,,,,,,,,,
"POLYGON ((80.2455627 13.034033, 80.2455359 13.0338318, 80.2457478 13.0337926, 80.2457961 13.0340408, 80.2456352 13.0340644, 80.2456217 13.0340461, 80.2455735 13.0340644, 80.2455627 13.034033))",,hospital,hospital,,Apollo Speciality Hospital - Block C,,,,,,,,,,,,,,,,,,,,,,,,,,,,no,,,,,,,,,,,,,,,,,,,,,,,,,,,,,,,,,
"POLYGON ((80.2515531 12.9942334, 80.2515874 12.9941302, 80.2517012 12.9941661, 80.2516668 12.9942693, 80.2515531 12.9942334))",600020,hospital,hospital,,Chennai Clinical Centres,,,,Dr D Balakrishnan ENT Clinic,,,,,,,,,,,,,,Chennai,,,16th Cross Street,+919841910001,,,6,,,,,,,,,,,,,,,,,,,,,,,,,,,,,,,,,,,,
"POLYGON ((80.2216604 13.0357552, 80.2220333 13.0358858, 80.2221462 13.0361436, 80.2217287 13.0362421, 80.2216986 13.0361228, 80.2216465 13.0361038, 80.2216581 13.0360792, 80.2215526 13.0360413, 80.2216604 13.0357552))",600033,hospital,hospital,,Public Health Centre (In Patient Block),,,,Public Health Welfare Society,,,,,,,,https://www.phc-mc.org/,,md@phc-mc.org,,,,West Mambalam,,,Lake View Road,044 2489 3172/7008/3101,,,174/114,,,yes,,,,,,,,,,,,,,,,,,,,,,,,,,,,,044 2489 7007,,,,
"POLYGON ((80.2216769 13.0362827, 80.2221607 13.0361734, 80.2222001 13.0362983, 80.2219946 13.0363452, 80.2220252 13.0365724, 80.2219421 13.0365951, 80.221906 13.0363493, 80.2216798 13.0363225, 80.2216769 13.0362827))",600033,hospital,hospital,,Public Health Centre (Out Patient Block),,,,,,,,,,,,,,,,,,West Mambalam,,,Ramakrishnapuram 1st Street,,,,,,,,,,,,,,,,,,,,,,,,,,,,,,,,,,,,,,,,
"POLYGON ((80.2227834 13.0234945, 80.2227838 13.0234532, 80.2227634 13.023453, 80.2227635 13.0234418, 80.2227557 13.0234417, 80.2227563 13.0233818, 80.2230708 13.0233847, 80.2230699 13.0234763, 80.2229879 13.0234755, 80.2229877 13.0234964, 80.2227834 13.0234945))",600015,hospital,hospital,,Chitra Maternity andSurgival Centre,,,,,,,Chennai,"No.35, (Opp) To Saidapet Railway Station, Saidapet",Tamil Nadu,,OpenGovernmentData,,,,,,Chennai Zone X,,,,Karaneeswar Koil Street,,,,35,,,,,,,,,,,,,,,,,,,,,,,,,,,,,,,,,,,,
"POLYGON ((80.2221852 13.0222752, 80.222371 13.0222765, 80.2223706 13.0223467, 80.2221848 13.0223454, 80.2221852 13.0222752))",600015,hospital,hospital,,Bora Hospital,,,,,,,,,,,,,,,,,,Saidapet,,,Subramania Mudali Street,,,,,,,,,,,,,,,,,,,,,,,,,,,,,,yes,,,,,,,,,,
"POLYGON ((80.2256521 13.0219096, 80.2256881 13.0218102, 80.2256545 13.0217985, 80.2257745 13.0215027, 80.2258861 13.0216898, 80.2258573 13.0217646, 80.2257841 13.0219611, 80.2256521 13.0219096))",600015,hospital,hospital,,Vasan,,,,,,,,,,,,,,,,,,Saidapet,,,Anna Salai (Mount Road),,,,,,,,,,,,,,,,,,,,,,,,,,,,,,,,,,,,,,,,
"POLYGON ((80.2247788 13.0418745, 80.2247365 13.0417207, 80.22466 13.0417413, 80.224642 13.0417175, 80.2244857 13.0417413, 80.2245101 13.0418333, 80.2246437 13.0418, 80.224673 13.0419047, 80.2247788 13.0418745))",600033,hospital,hospital,,SRM Hospital,,,,,,,,,,,,https://srmhospitals.org/,,,,,,West Mambalam,,,"Thambiah Road, Duraiswamy Subway, West Mambalam, Chennai, Tamil Nadu 600033",044 2474 4727,limited,24/7,68,,,yes,,,,,,,,,,,,,,,,,,,,,,,,,,,,,,,,,
"POLYGON ((80.238686 13.0774147, 80.2388256 13.0774128, 80.2388204 13.0770343, 80.2386808 13.0770361, 80.238686 13.0774147))",600010,hospital,hospital,,Guest Hospital,,,,,,,Chennai,"372, Poonamallee High Road",Tamil Nadu,private,OpenGovernmentData,https://www.guesthospital.com/,Kilpauk,info@guesthospital.com,,,,,,,EVR Periyar Salai (Poonamallee High Road),,,,,,,,,,,,,,,,,,,,,,,,,,,,,,hospital,,,,,,,,,,
"POLYGON ((80.1855893 13.0876882, 80.185884 13.0876803, 80.1858751 13.0873604, 80.1855803 13.0873683, 80.1855893 13.0876882))",600101,hospital,hospital,,Frontier Lifeline Hospital,,,,,,en:K. M. Cherian,Chennai,"R 30 C, Ambattur Industrial Estate Road, Mogappair",Tamil Nadu,private,OpenGovernmentData,https://www.frontierlifeline.com/,Mogappair,translab@frontierlifeline.com,,,,Chennai,,,Ambattur Industrial Estate Road,044 4201 7575,yes,,R 30 C,,,,,,,,,,,04442017575;04426564224,,,,International Centre For Cardio Thoracic and Vascular Diseases,,,,,,,,9790840976,,,yes,,,,,,044 26565150,3,,,
"POLYGON ((80.1461909 13.1233122, 80.1460661 13.1230778, 80.1459855 13.1231274, 80.1459295 13.1231688, 80.145957 13.1232104, 80.1459893 13.1232477, 80.1460167 13.1232851, 80.1460831 13.1233855, 80.1461909 13.1233122))",,hospital,hospital,,Essvee Hospital,,,,,,,,,,,,,,,,,,,,,,,,,,,,yes,,,,,,,,,,,,,,,,,,,,,,,,,,,,,,,,,
"POLYGON ((80.2465562 13.0612608, 80.2466877 13.0612584, 80.2466845 13.0610959, 80.2466251 13.061097, 80.2466255 13.0611188, 80.2465535 13.0611202, 80.2465562 13.0612608))",,hospital,hospital,,Hande Medical Centre,,,,Hande Medical Centre,,,,,,,,,,,,,,Chennai,,,Uttamar Gandhi Salai,,,,65,,,,,,,,,,,,,,,,,,,,,,,,,,,,,,,,,,,,
"POLYGON ((80.1466393 13.1227268, 80.1467599 13.122908, 80.1471405 13.1227405, 80.1470785 13.1225272, 80.1468674 13.1225848, 80.1466393 13.1227268))",,hospital,hospital,,Mahalakshmi Multi-Speciality Hospital,,,,,,,,,,,,,,,,,,,,,Chennai - Tiruttani - Renigunta Road,,,,,,,yes,,,,,,,,,,,,,,,,,,,,,,,,,,,,,,,,,
"POLYGON ((80.2059262 13.0074229, 80.2059613 13.0074492, 80.2060549 13.0074515, 80.206071 13.007469, 80.2061364 13.0074764, 80.2061424 13.0074607, 80.2061644 13.0074635, 80.2061687 13.0074809, 80.2062398 13.0074851, 80.2062443 13.0073406, 80.2059344 13.0073187, 80.2059262 13.0074229))",600032,hospital,,,Balaji Hospital (P) Ltd,,,,,,,Chennai,"No. 1, Lawyer Jaganathan Street, Guindy",Tamil Nadu,,OpenGovernmentData,https://sribalajihospital.com/,,,,,,,,,Anna Salai (Mount Road),,,,,,,,,,,,,,,,,,,,,,,,,,,,,,yes,,,,,,,,,,
"POLYGON ((80.1890021 13.0382036, 80.1891286 13.0382022, 80.1891262 13.0380043, 80.1889998 13.0380058, 80.1890021 13.0382036))",,hospital,hospital,,Chennai Medical Centre,,,,,,,,,,,,,,,,,,,,,,,,,,,,,,,,,,,,,,,,,,,,,,,,,,,yes,,,,,,,,,,
"POLYGON ((80.2289429 12.9857044, 80.2289334 12.9856116, 80.2288831 12.9856165, 80.2288927 12.9857093, 80.2289429 12.9857044))",,hospital,hospital,,,,,,,,,,,,,,,,,,,,,,,,,,,,,,,,,,,,,,,,,,,,,,,,,,,,,yes,,,,,,,,Private Nursing home,,
"POLYGON ((80.2256184 13.0689928, 80.225769 13.0691825, 80.2259044 13.0690805, 80.2257539 13.0688908, 80.2256184 13.0689928))",,hospital,hospital,,Chennai Fertility Center,,,,,,,,,,,,,,,,,,,,,,,,,,,,,,,,,,,,,,,,,,,,,,,,,,,hospital,,,,CFC,,,,,,
"POLYGON ((80.2298545 13.0506759, 80.2299822 13.0506579, 80.2299524 13.0504569, 80.2298247 13.0504748, 80.2298545 13.0506759))",,hospital,hospital,,J.V. Hospitals Llp,,,,,,,,"(Opp) Kodambakkam Railway Station, Kodambakkam, Railway Border Road",Tamil Nadu,,OpenGovernmentData,,,,,,Chennai Zone X,,,,Tailor Estate 1st Street,,,,,,,yes,,,,,,,,,,,,,,,,,,,,,,,,,,,,,,,,,
"POLYGON ((80.2292318 13.0519686, 80.2293132 13.0519536, 80.2292896 13.0518324, 80.2292082 13.0518474, 80.2292318 13.0519686))",,hospital,hospital,,R.R Dental Hospital,,,,,,,,,,,,,,,,,,,,,Tailor Estate 2nd Street,,,,,,,,,,,,,,,,,,,,,,,,,,,,,,,,,,,,,,,,
"POLYGON ((80.2296879 13.0506146, 80.2297676 13.0506034, 80.229776 13.0506602, 80.2298297 13.0506526, 80.2298022 13.0504667, 80.2296688 13.0504854, 80.2296879 13.0506146))",,hospital,hospital,,JV Hospital,,,,,,,,,,,,,,,,,,,,,Tailor Estate 1st Street,,,,,,,yes,,,,,,,,,,,,,,,,,,,,,,,,,,,,,,,,,
"POLYGON ((80.171555 13.0309696, 80.171956 13.0308533, 80.1719283 13.0307626, 80.1715273 13.0308788, 80.171555 13.0309696))",600116,hospital,,,Viganesh Hospital,,,,,,,Kanchipuram,"36, Poothapedu Main Road, Vengadeswar Nagar, Perur",Tamil Nadu,,OpenGovernmentData,,,,,,,,,,,,,,,,,,,,,,,,,,,,,,,,,,,,,,,,yes,,,,,,,,,,
"POLYGON ((80.2119234 13.0655237, 80.2121498 13.0654309, 80.2120584 13.0652192, 80.211832 13.065312, 80.2119234 13.0655237))",,hospital,,,Chennai Heritage Hospital,,,,,,,,,,,,,,,,,,,,,,,,,,,,,,,,Ayurveda and Siddha,,,,,,,,,,,,,,,,,,,yes,,,,,,,,,,
"POLYGON ((80.218269 12.9857105, 80.2184968 12.9857203, 80.2185047 12.9855439, 80.2183499 12.9855373, 80.2183444 12.9856596, 80.2182714 12.9856565, 80.218269 12.9857105))",,hospital,,,Xcellent Care Hospital,,,,Xcellent Care Super Speciality Hospital ( P ) Ltd.,,,,,,,,http://xcellentcarehospital.com,,,,,,,,,"7th Cross Street, Rajalaksmi nagar",,,,,,,yes,,,,,,,,,,,,,,,,,,,,,,,hospital,,,,,,,,,,
"POLYGON ((80.1981856 13.0792333, 80.1982423 13.0796839, 80.1983356 13.0796727, 80.198436 13.0796698, 80.1984711 13.0795999, 80.1984596 13.0795179, 80.1983765 13.079538, 80.1983708 13.0794936, 80.198435 13.0794812, 80.1984289 13.0792588, 80.1984182 13.0792148, 80.198347 13.0792123, 80.1982698 13.0792268, 80.1981856 13.0792333))",600040,hospital,hospital,,Be Well Hospitals,,,,,,,Chennai,"No. 106, Jawaharlal Nehru Salai, Thirumangalam, Anna Nagar West, Near VR Mall , Koyambedu Junction, Chennai",Tamil Nadu,,OpenGovernmentData,https://www.bewellhospitals.in/,,,,,,,,,,,,,,,,,,,,,,,,,,,,,,,,,,,,,,,hospital,,,,,,,,,ask@bewellhospitals.com,
"POLYGON ((80.2874493 13.122943, 80.287468 13.122977, 80.2875646 13.1229404, 80.2875525 13.1229026, 80.2874493 13.122943))",600021,hospital,hospital,,MN Eye Hospital,,,,,,,,,,,,,,,,,,Chennai,,,Thiruvottriyur High Road,,,,781,,,yes,,,,,,,,,,,,,,,,,,,,,,,,,,,,,,,,,
"POLYGON ((80.291339 13.0966006, 80.2916369 13.096511, 80.2915917 13.0963706, 80.2916231 13.0963615, 80.2915882 13.0962491, 80.2914611 13.0962816, 80.2914166 13.0962599, 80.2913833 13.0961512, 80.291367 13.0961559, 80.2913604 13.0961339, 80.2913196 13.0961457, 80.2913238 13.0961625, 80.2913411 13.0962251, 80.2913599 13.0962887, 80.2912378 13.0963229, 80.2912805 13.0964645, 80.2912954 13.0964601, 80.291339 13.0966006))",600018,hospital,hospital,,Chennai National Hospital,,,,,,,Chennai,"No.12 Jaffer Serang St. Ii Line Beach,",Tamil Nadu,,OpenGovernmentData,,,,,,,,,,,,,,,,,,,,,,,,,,,,,,,,,,,,,,,,yes,,,,,,,,,,
"POLYGON ((80.1870716 12.9810232, 80.1871618 12.9810196, 80.1871549 12.9808749, 80.1871242 12.9808674, 80.1870668 12.9809103, 80.1870716 12.9810232))",600061,hospital,hospital,general;paediatrics;emergency;dermatology;otolaryngology;blood_check;orthopaedics;diabetology;gynaecology,Diha Clinic,,,,Diha Trust,,,Chennai,,,private,,https://dihaclinic.org/,,,,,,Chennai,,,Nanganallur 6th Main Road,044 46878787,,,No 6,,,yes,,,,,,"Diha Clinic is the best multispeciality hospital in Nanganallur, Chennai, offering expert care across specialties at an affordable price and with low waiting times.",,,,,,,,,,,+91 80565 80565,,,,,,,,,,,,,,,,
"POLYGON ((80.2221405 12.9764429, 80.2221924 12.976479, 80.2222414 12.976426, 80.222185 12.9763889, 80.2221583 12.9764202, 80.2221405 12.9764429))",,hospital,hospital,,Athipathy Hospitals,,,,,,,,,,,,,,,,,,,,,,,,,,,,,,,,,,,,,,,,,,,,,,,,,,,,,,,,,,,,,
"POLYGON ((80.2085052 12.9496755, 80.2099965 12.9494353, 80.209953 12.9493365, 80.2097161 12.9487987, 80.2095679 12.9488105, 80.2083204 12.9489098, 80.2083955 12.9492208, 80.2085052 12.9496755))",600100,hospital,hospital,,Dr.Kamakshi Memorial Hospital,,,,,,,Kancheepuram,"1,Radial Road , Pallikaranai Chennai-100",Tamil Nadu,,OpenGovernmentData,,Sholinganallur,,,,,,,,,,,,,,,yes,,,,,,,,,,,,,,,,,,,,,,,,,,,,,,,,,
"POLYGON ((80.2573263 12.9977206, 80.257603 12.9976776, 80.2576261 12.9978182, 80.2573493 12.9978613, 80.2573263 12.9977206))",600020,hospital,hospital,,Shivasundar Hospital,,,,,,,Chennai,"28, First Cross Street, Shastri Nagar Adya (Behind Of Adyas Depot)",Tamil Nadu,,,,,,,,,Chennai,,,Shastri Nagar 1st Cross Street,,,,28,,,yes,,,,,,,,,,,,,,,,,,,,,,,,,,,,,,,,,
"POLYGON ((80.1888497 13.0381227, 80.1889569 13.0381227, 80.1889569 13.0380299, 80.1888497 13.0380299, 80.1888497 13.0381227))",600078,hospital,hospital,,CMC Hospital,,,,,,,Chennai,"#51-52, Thiruvalluvar Salai,Nesapakkam",Tamil Nadu,,OpenGovernmentData,,,,,,,,,,,,,,,,,,,,,,,,,,,,,,,,,,,,,,,,yes,,,,,,,,,,
"POLYGON ((80.2572158 12.9847632, 80.2572089 12.9846385, 80.257465 12.984625, 80.257476 12.9847396, 80.2572158 12.9847632))",,hospital,hospital,,corporation hospital,,,,,,,,,,,,,,,,,,,,,,,,,,,,,,,,,,,,,,,,,,,,,,,,,,,,,,,,,,,,,
"POLYGON ((80.2660768 13.1235215, 80.2663585 13.123515, 80.2663585 13.1235999, 80.2660782 13.1236038, 80.2660768 13.1235215))",,hospital,hospital,,,,,,,,,,,,,,,,,,,,,,,,,,,,,,,,,,,,,,,,,,,,,,,,,,,,,,,,,,,,,,,
"POLYGON ((80.3014702 13.1573405, 80.3015855 13.1577636, 80.3011376 13.157868, 80.3010893 13.1576878, 80.3009847 13.1577192, 80.3009257 13.1574815, 80.3014702 13.1573405))",600019,hospital,hospital,,Tiruvottiyur Government Hospital,,,,,,,Chennai,"Thiruvottiyur Government Hospital, Thiruvottiyur, Thiruvotriyur High Road",Tamil Nadu,,OpenGovernmentData,,,,,,Chennai Zone I,,,,,,,,,,,,,,,,,,,,,,,,,,,,,,,,,,,,,,,,,,,,
"POLYGON ((80.3002953 13.1486561, 80.2988738 13.1490374, 80.2986377 13.1485307, 80.3000754 13.1480919, 80.3002953 13.1486561))",,hospital,hospital,,,,,,,,,,,,,,,,,,,,,,,,,,,,,,,,,,,,,,,,,,,,,,,,,,,,,,,,,,,,,,,
"POLYGON ((80.1850882 12.969558, 80.185025 12.9694349, 80.1849803 12.9693465, 80.1851514 12.9693174, 80.1851938 12.9693084, 80.1852306 12.9694998, 80.1850882 12.969558))",,hospital,hospital,,,,,,,,,,,,,,,,,,,,,,,,,,,,,,,,,,,,,,,,,,,,,,,,,,,,,,,,,,,,,,,
"POLYGON ((80.2912684 13.094644, 80.2913744 13.0946166, 80.2914145 13.0946054, 80.2915221 13.0945758, 80.2916465 13.0949472, 80.2915927 13.094965, 80.2913488 13.0950461, 80.2913433 13.0950481, 80.2913364 13.0950503, 80.2913344 13.0950065, 80.2913217 13.0950083, 80.2913178 13.0949791, 80.2912958 13.0948164, 80.2912939 13.0948022, 80.291302 13.0948004, 80.2912826 13.0946961, 80.2912684 13.094644))",,hospital,hospital,,Chennai National Hospital Speciality Clinics,,,,,,,,,,,,,,,,,,,,,,,,,,,,,,,,,,,,,,,,,,,,,,,,,,,,,,,,,,,,,
"POLYGON ((80.2867409 13.0992221, 80.2870275 13.0991925, 80.2870256 13.0991572, 80.2870237 13.0991215, 80.2870215 13.0990672, 80.2870208 13.099051, 80.2869826 13.0990536, 80.286876 13.0990606, 80.286863 13.0990616, 80.2868711 13.0991349, 80.2867338 13.0991489, 80.2867409 13.0992221))",,hospital,hospital,,SA Hospital,,,,,,,,,,,,,,,,,,,,,,,,,,,,,,,,,,,,,,,,,,,,,,,,,,,,,,,,,,,,,
"POLYGON ((80.2173881 13.139868, 80.2174062 13.1402505, 80.2179863 13.1402205, 80.2179731 13.1401893, 80.2178447 13.1398876, 80.2178267 13.1398452, 80.2173881 13.139868))",,hospital,hospital,,Prashanth Superspeciality Hospital Kolathur,,,,,,,,,,,,https://www.prashanthhospitals.org/kolathur,,,,,,,,,,+914469177777,,,,,,,,,,,,,,,,,,,,,,,,,,,,,,,,,,,,,,,
"POLYGON ((80.2797285 13.0983518, 80.2797718 13.098349, 80.279833 13.098345, 80.2800134 13.0983333, 80.2800191 13.0983329, 80.2800262 13.0984355, 80.2798547 13.0984468, 80.2797356 13.0984545, 80.2797285 13.0983518))",600001,hospital,hospital,,Shaarave Hospital,,,,,,,Chennai,Mint Street,Tamil Nadu,,OpenGovernmentData,,,,,,,,,,,,,,,,,,,,,,,,,,,,,,,,,,,,,,,,,,,,,,,,,,
"POLYGON ((80.2815096 13.091011, 80.2815282 13.0911316, 80.2812674 13.0911701, 80.2812649 13.0911527, 80.2812508 13.0910745, 80.2812471 13.0910492, 80.2815096 13.091011))",600001,hospital,hospital,,The Arya Vysya Meternity Home and Child Welfare Centre,,,,,,,Chennai,Old No 158 (New No 174) Govindappa Naick Street,Tamil Nadu,,OpenGovernmentData,,,,,,,,,,Govindappa Naicken Street,04425381525,,,,,,,,,,,,,,,,,,,,,,,,,,,,,yes,,,,,,,4,,,
"POLYGON ((80.2837 13.1001843, 80.2838024 13.100168, 80.2838191 13.1002774, 80.2837346 13.1002901, 80.2837115 13.1002721, 80.2837 13.1001843))",,hospital,hospital,,Mint Hospital,,,,,,,,,,,,,,,,,,,,,,,,,,,,,,,,,,,,,,,,,,,,,,,,,,,,,,,,,,,,,
"POLYGON ((80.2795235 13.0985215, 80.2796111 13.0985067, 80.2796414 13.0985829, 80.2797126 13.0985795, 80.2796951 13.0984487, 80.2795083 13.0984851, 80.2795235 13.0985215))",,hospital,hospital,,,,,,,,,,,,,,,,,,,,,,,,,,,,,,,,,,,,,,,,,,,,,,,,,,,,,,,,,,,,,,,
"POLYGON ((80.2243298 13.0763901, 80.224826 13.0763562, 80.2248502 13.0767193, 80.2242628 13.0767428, 80.2243298 13.0763901))",600030,hospital,hospital,,Government child birth Hospital,,,,,,,Chennai,"Pulla Avenue Corporation School, Shenoy Nagar, Pulla Avenue",Tamil Nadu,,OpenGovernmentData,,,,,,Chennai Zone Viii,,,,,,,,,,,,,,,,,,,,,,,,,,,,,,,,,,,,,,,,,,,,
"POLYGON ((80.2413744 13.0772996, 80.2413777 13.0772153, 80.2414313 13.0766668, 80.2417103 13.0766355, 80.2415332 13.0755512, 80.2424782 13.0754759, 80.2425069 13.0758856, 80.2432686 13.075849, 80.2434644 13.0757916, 80.2436501 13.0757861, 80.2436968 13.0765243, 80.2440567 13.0766022, 80.2440987 13.0768398, 80.2446134 13.0768015, 80.2446565 13.0778029, 80.2429747 13.0775767, 80.2413744 13.0772996))",,hospital,hospital,,Govt. Kilpauk Hospital,,,,,,,,,,,,,,,,,,,,,,,,,,,,,,,,,,,,,,,,,,,,,,,,,,,,,,,,,,,,,
"POLYGON ((80.2173212 13.0770545, 80.2176614 13.0770613, 80.2176614 13.0768883, 80.2173143 13.0768984, 80.2173212 13.0770545))",,hospital,hospital,yoga_and_naturopathy;specialized_in_treating_ncds;_psychosomatic_disorders;_iridology;obstetric_and_gynaecological_disorders;_yoga_for_pregnancy;hydrotherapy;mud_therapy;naturopathic_diet;yoga_therapy;chromotherapy,Gynmc PG Block,,,,Government of Tamilnadu,,,,,,government,,,,,,,,,,,,,,,,,,,,,,,,,,,,,,,,,,,,,,,,,,,,,,,,,,,
"POLYGON ((80.1472086 13.1220763, 80.147474 13.1219711, 80.1473734 13.1216639, 80.1470663 13.1217797, 80.1472086 13.1220763))",600053,hospital,hospital,ophthalmology,Dr. Agarwal's Eye Hospital - Ambattur,,,,Dr. Agarwal's Eye Hospital,,,Chennai,,,private,,,,,Q17052044,,,Chennai,,,Chennai - Tiruttani - Renigunta Road,,,,,,,yes,,,,,,,,,,,,,,,,,,,,,,,,,,,,,,,,,
"POLYGON ((80.1497256 13.1211174, 80.14998 13.1210776, 80.1499664 13.1209822, 80.1500072 13.1209703, 80.1499963 13.1209213, 80.1499147 13.1209094, 80.1496929 13.1209451, 80.1497256 13.1211174))",,hospital,hospital,,Mother's Speciality Hospital,,,,,,,,,,,,,,,,,,,,,,,,,,,,,,,,,,,,,,,,,,,,,,,,,,,,,,,,,,,,,
"POLYGON ((80.1496346 13.120986, 80.1494334 13.1210175, 80.1494077 13.1209305, 80.1496167 13.1208782, 80.1496346 13.120986))",,hospital,hospital,,Mother's Hospital - General & Laparoscopic center,,,,,,,,,,,,,,,,,,,,,,,,,,,,,,,,,,,,,,,,,,,,,,,,,,,,,,,,,,,,,
"POLYGON ((80.1511934 13.1217512, 80.1511503 13.1215557, 80.1512586 13.1215317, 80.1513066 13.121672, 80.1514125 13.1216708, 80.1514236 13.1217296, 80.1511934 13.1217512))",,hospital,hospital,,Rakki Hospital,,,,,,,,,,,,,,,,,,,,,,,,,,,,,,,,,,,,,,,,,,,,,,,,,,,,,,,,,,,,,
"POLYGON ((80.2426992 13.1639762, 80.2427492 13.1631463, 80.244964 13.1631518, 80.244976 13.1636252, 80.2441957 13.1636778, 80.2439737 13.1636632, 80.2439647 13.1637713, 80.243432 13.1637815, 80.2433984 13.1637787, 80.24334 13.1637739, 80.2433302 13.1639724, 80.2426992 13.1639762))",,hospital,hospital,,MMC Government Hospital,,,,,,,,,,,,,,,,,,,,,,,,,,,,,,,,,,,,,,,,,,,,,,,,,,,,,,,,,,,,,
